PSNR_mean,PSNR_std,SSIM_mean,SSIM_std,experiment,method,n_gaussians_mean,n_gaussians_std,n_runs,paper_lpips_vgg_mean,paper_lpips_vgg_std,scene,train_time_sec_mean,train_time_sec_std,vram_allocated_gb_mean,vram_allocated_gb_std,wall_time_sec_mean,wall_time_sec_std
25.74110710144043,,0.7665049743652343,,bbox,FasterGSFusedRapid,1473243.0,,1,0.24109407842159272,,bicycle,192.750513,,5.398916244506836,,247.68476537498645,
32.39244512609533,,0.9502412193530315,,bbox,FasterGSFusedRapid,800375.0,,1,0.13736892169391787,,bonsai,182.168674,,6.598633289337158,,245.88203386099485,
29.400204849243163,,0.9221773485342661,,bbox,FasterGSFusedRapid,419417.0,,1,0.16380011886358262,,counter,162.45029100000002,,5.506211757659912,,217.97121861799678,
22.250561020591043,,0.6180594617670233,,bbox,FasterGSFusedRapid,1045579.0,,1,0.3424763056364926,,flowers,181.58361599999998,,4.69740629196167,,228.49082755699055,
27.882926384607952,,0.8711396232247353,,bbox,FasterGSFusedRapid,2515301.0,,1,0.10773384664207697,,garden,300.06205,,6.265168190002441,,350.40003687000717,
31.890996388026647,,0.940417548588344,,bbox,FasterGSFusedRapid,1073914.0,,1,0.09779755483780589,,kitchen,255.398208,,7.142498016357422,,319.56768686999567,
32.46870999458508,,0.9396742307222806,,bbox,FasterGSFusedRapid,486190.0,,1,0.1648829052081475,,room,148.99199199999998,,6.596858978271484,,211.82320426798833,
27.389325499534607,,0.7934680618345737,,bbox,FasterGSFusedRapid,924347.0,,1,0.23875396884977818,,stump,149.16155899999998,,3.6926465034484863,,193.48115874399082,
23.36922730339898,,0.6499523520469666,,bbox,FasterGSFusedRapid,843610.0,,1,0.38176866206857896,,treehill,156.004731,,3.9207472801208496,,200.99613607100036,
25.716389083862303,,0.7667188978195191,,compact,FasterGSFusedRapid,1516882.0,,1,0.24002885580062866,,bicycle,155.380119,,5.045742511749268,,218.67438673001016,
32.606300869503535,,0.9555259798024152,,compact,FasterGSFusedRapid,806984.0,,1,0.13720615369242592,,bonsai,143.445618,,6.051477909088135,,215.6020194730081,
29.332301394144693,,0.921984201669693,,compact,FasterGSFusedRapid,428726.0,,1,0.1637626218299071,,counter,117.88529399999999,,4.824419021606445,,182.05499913700623,
22.244443806734953,,0.6178217354145917,,compact,FasterGSFusedRapid,1062508.0,,1,0.3406044298952276,,flowers,142.118647,,4.144435882568359,,197.6390714070003,
28.073960781097412,,0.8721958870689074,,compact,FasterGSFusedRapid,2548500.0,,1,0.10738229565322399,,garden,258.814265,,6.070546627044678,,317.86165280500427,
32.214867619105746,,0.9411201817648751,,compact,FasterGSFusedRapid,1077889.0,,1,0.09712321162223816,,kitchen,204.557879,,6.476202487945557,,277.62080701900413,
32.43264975914588,,0.9395480675575061,,compact,FasterGSFusedRapid,498614.0,,1,0.1644583801046396,,room,111.00283300000001,,5.998513698577881,,183.8145209250215,
27.39512038230896,,0.7936108745634556,,compact,FasterGSFusedRapid,954847.0,,1,0.23730195499956608,,stump,120.410765,,3.2585644721984863,,172.2094738339947,
23.411558892991806,,0.6517076657878028,,compact,FasterGSFusedRapid,881559.0,,1,0.37750723792446983,,treehill,118.57914500000001,,3.458509922027588,,169.9851179360121,
25.722729873657226,,0.7646228528022766,,compact_075,FasterGSFusedRapid,1514144.0,,1,0.24270291328430177,,bicycle,159.10388899999998,,5.027344703674316,,223.1370701470005,
32.31860470127415,,0.9500775321109874,,compact_075,FasterGSFusedRapid,812666.0,,1,0.13702740318871834,,bonsai,147.543937,,6.104492664337158,,219.56863449398952,
29.370670255025228,,0.9221089879671732,,compact_075,FasterGSFusedRapid,437292.0,,1,0.16326497097810108,,counter,120.323398,,4.846471786499023,,183.4592939259892,
22.184776479547676,,0.618465015834028,,compact_075,FasterGSFusedRapid,1054011.0,,1,0.33593653548847546,,flowers,144.793542,,4.1262335777282715,,198.3040637160011,
28.09141969680786,,0.8716283887624741,,compact_075,FasterGSFusedRapid,2451795.0,,1,0.10775442607700825,,garden,257.85321600000003,,5.985593318939209,,314.9518112420046,
32.190139171055385,,0.9410394191741943,,compact_075,FasterGSFusedRapid,1102702.0,,1,0.0977142727800778,,kitchen,210.61599,,6.615065097808838,,283.2787209119997,
32.39049456669734,,0.9391339803353335,,compact_075,FasterGSFusedRapid,520288.0,,1,0.1649950127571057,,room,113.06231,,6.029924392700195,,183.44034585400368,
27.396134972572327,,0.7932791672646999,,compact_075,FasterGSFusedRapid,1001562.0,,1,0.23789302818477154,,stump,125.11161899999999,,3.292715072631836,,175.08573483600048,
23.287431399027508,,0.6504080957836575,,compact_075,FasterGSFusedRapid,925100.0,,1,0.37693758805592853,,treehill,123.42839599999999,,3.5005035400390625,,173.41393820800295,
25.715819320678712,,0.7647829604148865,,compact_100,FasterGSFusedRapid,1507309.0,,1,0.24252339124679564,,bicycle,159.84471,,5.020398139953613,,219.76951114199983,
32.527302716229414,,0.9540856287286088,,compact_100,FasterGSFusedRapid,811317.0,,1,0.13686397409922368,,bonsai,147.141972,,6.148251056671143,,210.34590141799708,
29.31383819580078,,0.9220153470834096,,compact_100,FasterGSFusedRapid,435426.0,,1,0.16355212728182475,,counter,120.55815799999999,,4.89348030090332,,177.96031067500007,
22.180484078147195,,0.6178690181537108,,compact_100,FasterGSFusedRapid,1039522.0,,1,0.3368023525584828,,flowers,143.202269,,4.156752109527588,,188.5418712999999,
28.104094346364338,,0.8713764796654383,,compact_100,FasterGSFusedRapid,2460156.0,,1,0.10791614341239135,,garden,256.766251,,5.981048583984375,,307.188393982,
32.05132037571499,,0.939737514087132,,compact_100,FasterGSFusedRapid,1108109.0,,1,0.098972444662026,,kitchen,211.64449,,6.637723922729492,,274.70649334399786,
32.38430761679625,,0.9394310055634915,,compact_100,FasterGSFusedRapid,521204.0,,1,0.1643800139427185,,room,113.515617,,6.081692695617676,,176.76428748500257,
27.432403922080994,,0.7937977910041809,,compact_100,FasterGSFusedRapid,994217.0,,1,0.23731367848813534,,stump,124.95802400000001,,3.322530746459961,,168.82310579600016,
23.425473637051052,,0.6520813604195913,,compact_100,FasterGSFusedRapid,908715.0,,1,0.37633512417475384,,treehill,122.50209000000001,,3.5035171508789062,,167.0778399789997,
25.708291015625,,0.7650482749938965,,compact_125,FasterGSFusedRapid,1496302.0,,1,0.24278912127017974,,bicycle,166.835397,,5.0112223625183105,,229.22960233299818,
32.27735627664102,,0.9495490853850906,,compact_125,FasterGSFusedRapid,812975.0,,1,0.13757146572744525,,bonsai,160.363485,,6.198185443878174,,232.82266785499814,
29.357895851135254,,0.9221238851547241,,compact_125,FasterGSFusedRapid,432776.0,,1,0.1635386551419894,,counter,133.159415,,4.937892913818359,,197.15155474199855,
22.2508433081887,,0.6186289299618114,,compact_125,FasterGSFusedRapid,1035403.0,,1,0.3396897478537126,,flowers,155.675301,,4.193272590637207,,210.7368668059935,
27.81006908416748,,0.8702652926246325,,compact_125,FasterGSFusedRapid,2426382.0,,1,0.10931524044523637,,garden,269.08414700000003,,5.947265625,,327.56770031599444,
32.29192880902971,,0.9413767286709377,,compact_125,FasterGSFusedRapid,1097030.0,,1,0.09700805395841598,,kitchen,226.86308699999998,,6.694379806518555,,299.9560773550038,
32.44729902805426,,0.9393664583181723,,compact_125,FasterGSFusedRapid,520108.0,,1,0.16504213213920593,,room,124.24401399999999,,6.121610164642334,,196.28025132999755,
27.455709099769592,,0.7938490211963654,,compact_125,FasterGSFusedRapid,987656.0,,1,0.23782481905072927,,stump,133.382912,,3.3489770889282227,,184.06308737899235,
23.35282717810737,,0.6507240732510885,,compact_125,FasterGSFusedRapid,900548.0,,1,0.37777967088752323,,treehill,130.7083,,3.515899181365967,,182.21487415900629,
25.716389083862303,,0.7667188978195191,,fused,FasterGSFusedRapid,1516882.0,,1,0.24002885580062866,,bicycle,155.380119,,5.045742511749268,,218.67438673001016,
32.606300869503535,,0.9555259798024152,,fused,FasterGSFusedRapid,806984.0,,1,0.13720615369242592,,bonsai,143.445618,,6.051477909088135,,215.6020194730081,
29.332301394144693,,0.921984201669693,,fused,FasterGSFusedRapid,428726.0,,1,0.1637626218299071,,counter,117.88529399999999,,4.824419021606445,,182.05499913700623,
22.244443806734953,,0.6178217354145917,,fused,FasterGSFusedRapid,1062508.0,,1,0.3406044298952276,,flowers,142.118647,,4.144435882568359,,197.6390714070003,
28.073960781097412,,0.8721958870689074,,fused,FasterGSFusedRapid,2548500.0,,1,0.10738229565322399,,garden,258.814265,,6.070546627044678,,317.86165280500427,
32.214867619105746,,0.9411201817648751,,fused,FasterGSFusedRapid,1077889.0,,1,0.09712321162223816,,kitchen,204.557879,,6.476202487945557,,277.62080701900413,
32.43264975914588,,0.9395480675575061,,fused,FasterGSFusedRapid,498614.0,,1,0.1644583801046396,,room,111.00283300000001,,5.998513698577881,,183.8145209250215,
27.39512038230896,,0.7936108745634556,,fused,FasterGSFusedRapid,954847.0,,1,0.23730195499956608,,stump,120.410765,,3.2585644721984863,,172.2094738339947,
23.411558892991806,,0.6517076657878028,,fused,FasterGSFusedRapid,881559.0,,1,0.37750723792446983,,treehill,118.57914500000001,,3.458509922027588,,169.9851179360121,
29.517822323423445,,0.90436575087634,,generalization_deep_blending,FasterGSFused,3190233.0,,1,0.2350380520025889,,drjohnson,330.004843,,3.3553147315979004,,376.2944166150046,
30.14847334500017,,0.908419800215754,,generalization_deep_blending,FasterGSFused,1894069.0,,1,0.23961766423850223,,playroom,253.872567,,1.9732470512390137,,294.64961475799646,
29.39017243818803,,0.9016622268792355,,generalization_deep_blending,FasterGSFusedRapid,898729.0,,1,0.24484047970988534,,drjohnson,91.186229,,4.142486095428467,,134.6502479999981,
30.413619666263976,,0.9117084515505823,,generalization_deep_blending,FasterGSFusedRapid,654396.0,,1,0.2385554277691348,,playroom,81.797466,,3.154792308807373,,121.48356766000506,
29.361321940566555,,0.9035556334437747,,generalization_deep_blending,GaussianSplatting,3024761.0,,1,0.23702315805536328,,drjohnson,1310.900721,,4.752053737640381,,1357.228349776,
30.18413885708513,,0.9082900737893993,,generalization_deep_blending,GaussianSplatting,1828498.0,,1,0.24023699914586955,,playroom,996.861402,,2.760876178741455,,1038.0194285939942,
21.648551012340345,,0.815968057042674,,generalization_tandt,FasterGSFused,1056464.0,,1,0.1955131823687177,,train,212.072996,,1.1782093048095703,,245.64727840600244,
25.472942769527435,,0.8824680503457785,,generalization_tandt,FasterGSFused,2004871.0,,1,0.14179150783456862,,truck,272.35026799999997,,2.0698695182800293,,306.0016536799958,
21.964971090617933,,0.8191608300334529,,generalization_tandt,FasterGSFusedRapid,592025.0,,1,0.1956701082618613,,train,90.167228,,2.3835902214050293,,123.40772415999527,
25.798074781894684,,0.8854216486215591,,generalization_tandt,FasterGSFusedRapid,647839.0,,1,0.14036921272054315,,truck,88.40114,,2.156188488006592,,121.02255629299907,
19.15046154825311,,0.7133766710758209,,generalization_tandt,GaussianSplatting,875884.0,,1,0.31435440480709076,,train,556.498254,,1.3882122039794922,,591.0224200500015,
25.385902285575867,,0.8793039638549089,,generalization_tandt,GaussianSplatting,1965877.0,,1,0.14582517859525979,,truck,669.861995,,2.773963451385498,,703.1515850589931,
25.835190505981444,,0.7772059178352356,,legacy_structure_gradient_only_compact100_score10,FasterGSFusedRapid,2699936.0,,1,0.21740140736103059,,bicycle,219.74595699999998,,6.243332386016846,,282.92571662701084,
32.47860078553896,,0.9553516700461104,,legacy_structure_gradient_only_compact100_score10,FasterGSFusedRapid,2230893.0,,1,0.13116788239897909,,bonsai,232.670006,,7.864448547363281,,305.8853611670056,
29.179287338256835,,0.9224987725416819,,legacy_structure_gradient_only_compact100_score10,FasterGSFusedRapid,927454.0,,1,0.1586702769001325,,counter,154.177517,,5.321031093597412,,220.0784773230116,
22.221702402288262,,0.620739842003042,,legacy_structure_gradient_only_compact100_score10,FasterGSFusedRapid,1955451.0,,1,0.32806509597734973,,flowers,195.461134,,5.099293231964111,,250.35075653799868,
27.69013174374898,,0.8707121883829435,,legacy_structure_gradient_only_compact100_score10,FasterGSFusedRapid,4578701.0,,1,0.10528479795902967,,garden,371.96778500000005,,8.343754768371582,,431.5216233310057,
31.803787612915038,,0.9393895302500044,,legacy_structure_gradient_only_compact100_score10,FasterGSFusedRapid,2709486.0,,1,0.09770578646234103,,kitchen,311.404804,,8.658834457397461,,386.7914629930019,
31.91019385900253,,0.939505812449333,,legacy_structure_gradient_only_compact100_score10,FasterGSFusedRapid,1198317.0,,1,0.1570648186099835,,room,155.892156,,6.787599086761475,,226.97829789300158,
27.335737466812134,,0.7971028499305248,,legacy_structure_gradient_only_compact100_score10,FasterGSFusedRapid,1974140.0,,1,0.22109181061387062,,stump,176.81744700000002,,4.270415782928467,,226.7230410810007,
23.426420211791992,,0.6617834501796298,,legacy_structure_gradient_only_compact100_score10,FasterGSFusedRapid,1723219.0,,1,0.34859133428997463,,treehill,166.788039,,4.310279846191406,,218.5788399830053,
25.8269580078125,,0.7776605343818664,,legacy_structure_no_score_gate_compact100_score10,FasterGSFusedRapid,2341465.0,,1,0.21724565982818603,,bicycle,212.88376,,6.2147698402404785,,276.1945406409941,
32.31006044954867,,0.9504616131653657,,legacy_structure_no_score_gate_compact100_score10,FasterGSFusedRapid,1654330.0,,1,0.13336166538096764,,bonsai,224.603519,,7.920129299163818,,299.13186348399904,
29.21281973520915,,0.9229516685009003,,legacy_structure_no_score_gate_compact100_score10,FasterGSFusedRapid,746508.0,,1,0.15828792427976926,,counter,151.869835,,5.311694145202637,,215.64527258799353,
22.206464420665394,,0.6216277155009183,,legacy_structure_no_score_gate_compact100_score10,FasterGSFusedRapid,1637223.0,,1,0.3296762312000448,,flowers,189.23855700000001,,5.07098913192749,,245.21082997199846,
27.973256985346477,,0.87167739123106,,legacy_structure_no_score_gate_compact100_score10,FasterGSFusedRapid,3891069.0,,1,0.10588254903753598,,garden,361.86143100000004,,8.303022861480713,,422.5504057520011,
31.63357184273856,,0.9387458000864302,,legacy_structure_no_score_gate_compact100_score10,FasterGSFusedRapid,1882908.0,,1,0.09988748282194138,,kitchen,297.604362,,8.675063133239746,,370.64585370499117,
32.101743111243614,,0.9397335740236136,,legacy_structure_no_score_gate_compact100_score10,FasterGSFusedRapid,942213.0,,1,0.15783310796205813,,room,152.7256,,6.769612789154053,,226.57723421799892,
27.39630913734436,,0.7985067032277584,,legacy_structure_no_score_gate_compact100_score10,FasterGSFusedRapid,1703910.0,,1,0.2208077237010002,,stump,173.58159899999998,,4.269935607910156,,225.37306796500343,
23.447015020582413,,0.6619016428788503,,legacy_structure_no_score_gate_compact100_score10,FasterGSFusedRapid,1456089.0,,1,0.35031301114294267,,treehill,163.04603600000002,,4.355921745300293,,215.40096121099486,
25.678880310058595,,0.7639297485351563,,legacy_structure_no_vcp_compact100_score10,FasterGSFusedRapid,1614200.0,,1,0.2427151083946228,,bicycle,167.755084,,4.999882221221924,,233.68090964999283,
32.71667413453798,,0.9546749205202669,,legacy_structure_no_vcp_compact100_score10,FasterGSFusedRapid,985023.0,,1,0.1350173056125641,,bonsai,158.49430999999998,,6.185872554779053,,232.37090239599638,
29.37689272562663,,0.9223002612590789,,legacy_structure_no_vcp_compact100_score10,FasterGSFusedRapid,487077.0,,1,0.16265653744339942,,counter,131.975249,,4.895202159881592,,197.90461186099856,
22.20626146143133,,0.6182353523644534,,legacy_structure_no_vcp_compact100_score10,FasterGSFusedRapid,1141421.0,,1,0.33464663001624023,,flowers,156.862445,,4.171291828155518,,213.40920463600196,
28.074578523635864,,0.8714614932735761,,legacy_structure_no_vcp_compact100_score10,FasterGSFusedRapid,2641672.0,,1,0.10742645990103483,,garden,269.54047099999997,,5.954817771911621,,328.1416748010088,
32.31365203857422,,0.9415685210909163,,legacy_structure_no_vcp_compact100_score10,FasterGSFusedRapid,1303684.0,,1,0.09684993986572538,,kitchen,228.61456400000003,,6.658049583435059,,304.2611457769963,
32.39348773467235,,0.9394096823839041,,legacy_structure_no_vcp_compact100_score10,FasterGSFusedRapid,598674.0,,1,0.1642369671891897,,room,123.45585399999999,,6.090320110321045,,198.41996545701113,
27.40394687652588,,0.7924246154725552,,legacy_structure_no_vcp_compact100_score10,FasterGSFusedRapid,1101279.0,,1,0.2372542778030038,,stump,133.320473,,3.328514575958252,,185.90949955499673,
23.389639112684463,,0.6511609686745538,,legacy_structure_no_vcp_compact100_score10,FasterGSFusedRapid,1027728.0,,1,0.37619971732298535,,treehill,132.630961,,3.5028481483459473,,186.06791377199988,
25.26421531677246,,0.765493586063385,,main_3dgs,GaussianSplatting,4684596.0,,1,0.2052609360218048,,bicycle,1204.277526,,6.535756587982178,,1250.2266376539774,
32.32246383460792,,0.9414376471493695,,main_3dgs,GaussianSplatting,1045333.0,,1,0.2029087096452713,,bonsai,909.6772569999999,,1.6659760475158691,,975.6331669840147,
29.14900360107422,,0.9095279494921367,,main_3dgs,GaussianSplatting,1037906.0,,1,0.19697991559902828,,counter,1073.9883690000001,,1.8320574760437012,,1134.8033451829979,
21.566857598044656,,0.6017836345867678,,main_3dgs,GaussianSplatting,2779256.0,,1,0.3346445032141425,,flowers,859.198423,,3.805497169494629,,899.4261105770129,
27.493876377741497,,0.8667040665944418,,main_3dgs,GaussianSplatting,4061444.0,,1,0.10528836554537217,,garden,1169.603955,,5.520532608032227,,1213.5574543949915,
31.530313546316965,,0.9282313142504011,,main_3dgs,GaussianSplatting,1551792.0,,1,0.12471341448170799,,kitchen,1236.598142,,2.556769371032715,,1303.1755764910195,
31.759248293363132,,0.9206553926834693,,main_3dgs,GaussianSplatting,1244363.0,,1,0.21741754580766726,,room,1117.810731,,2.1420493125915527,,1185.3943590889976,
26.61670410633087,,0.7710116393864155,,main_3dgs,GaussianSplatting,4160262.0,,1,0.2145159263163805,,stump,984.0677190000001,,5.582422256469727,,1025.376381362992,
22.664340337117512,,0.6331524782710605,,main_3dgs,GaussianSplatting,3056484.0,,1,0.3222808837890625,,treehill,926.6794,,4.1877336502075195,,967.4868124389905,
25.255477600097656,,0.7670379662513733,,main_fastergs,FasterGSFused,4832680.0,,1,0.20213117241859435,,bicycle,444.45860899999997,,4.966646194458008,,488.98661778101814,
32.1816828959697,,0.9407616032136453,,main_fastergs,FasterGSFused,1067062.0,,1,0.2030086477060576,,bonsai,263.51428500000003,,1.248990535736084,,328.9926416189992,
29.124523735046388,,0.909301346540451,,main_fastergs,FasterGSFused,1065832.0,,1,0.19723408420880637,,counter,284.920187,,1.3611526489257812,,345.7633313209808,
21.645942774685945,,0.603656682101163,,main_fastergs,FasterGSFused,2821530.0,,1,0.33376240865750745,,flowers,320.733142,,2.8773961067199707,,360.39496777701424,
27.533296585083008,,0.8668858334422112,,main_fastergs,FasterGSFused,4151230.0,,1,0.1047866086785992,,garden,456.037178,,4.21663236618042,,499.6667786859907,
31.38930353437151,,0.9291052647999355,,main_fastergs,FasterGSFused,1594297.0,,1,0.12356312019484383,,kitchen,363.937454,,1.8752970695495605,,429.55737032802426,
31.545762966840694,,0.9205696873175793,,main_fastergs,FasterGSFused,1316044.0,,1,0.2147681311919139,,room,280.137896,,1.5460467338562012,,347.1209589840146,
26.6615571975708,,0.771534264087677,,main_fastergs,FasterGSFused,4279265.0,,1,0.2118992619216442,,stump,374.252009,,4.361817359924316,,413.8550416599901,
22.730071385701496,,0.6364929642942216,,main_fastergs,FasterGSFused,3179840.0,,1,0.31570080916086835,,treehill,329.899442,,3.24491024017334,,370.244378510979,
25.716389083862303,,0.7667188978195191,,main_rapidgs,FasterGSFusedRapid,1516882.0,,1,0.24002885580062866,,bicycle,155.380119,,5.045742511749268,,218.67438673001016,
32.606300869503535,,0.9555259798024152,,main_rapidgs,FasterGSFusedRapid,806984.0,,1,0.13720615369242592,,bonsai,143.445618,,6.051477909088135,,215.6020194730081,
29.332301394144693,,0.921984201669693,,main_rapidgs,FasterGSFusedRapid,428726.0,,1,0.1637626218299071,,counter,117.88529399999999,,4.824419021606445,,182.05499913700623,
22.244443806734953,,0.6178217354145917,,main_rapidgs,FasterGSFusedRapid,1062508.0,,1,0.3406044298952276,,flowers,142.118647,,4.144435882568359,,197.6390714070003,
28.073960781097412,,0.8721958870689074,,main_rapidgs,FasterGSFusedRapid,2548500.0,,1,0.10738229565322399,,garden,258.814265,,6.070546627044678,,317.86165280500427,
32.214867619105746,,0.9411201817648751,,main_rapidgs,FasterGSFusedRapid,1077889.0,,1,0.09712321162223816,,kitchen,204.557879,,6.476202487945557,,277.62080701900413,
32.43264975914588,,0.9395480675575061,,main_rapidgs,FasterGSFusedRapid,498614.0,,1,0.1644583801046396,,room,111.00283300000001,,5.998513698577881,,183.8145209250215,
27.39512038230896,,0.7936108745634556,,main_rapidgs,FasterGSFusedRapid,954847.0,,1,0.23730195499956608,,stump,120.410765,,3.2585644721984863,,172.2094738339947,
23.411558892991806,,0.6517076657878028,,main_rapidgs,FasterGSFusedRapid,881559.0,,1,0.37750723792446983,,treehill,118.57914500000001,,3.458509922027588,,169.9851179360121,
25.71947799682617,0.014037337182435319,0.7650647151470185,0.0005948001030780432,repeat4_rapidgs_compact100_score10,FasterGSFusedRapid,1501011.5,4939.994635624617,4,0.24241633743047714,0.00044334249584091905,bicycle,172.56135425000002,2.3093781203875987,5.012441992759705,0.00820597926596156,239.48778294300064,2.091430619852798
32.40302310118804,0.13927999227401602,0.9522415584809072,0.002532914571055396,repeat4_rapidgs_compact100_score10,FasterGSFusedRapid,813066.0,2540.1452714362617,4,0.13698422249305892,0.000196052578120395,bonsai,157.37490225,0.9751985631748291,6.152751088142395,0.005365139020929081,230.19195625900102,1.5855563758548568
29.381615304946898,0.03735000265921704,0.9222101400295893,0.00019499049312332223,repeat4_rapidgs_compact100_score10,FasterGSFusedRapid,435565.5,184.98017911837653,4,0.16368253814677397,0.00025972311516112267,counter,129.55632300000002,1.5579259484040462,4.896193265914917,0.0015939458964319274,194.97419439299847,3.2269650807984163
22.2350492477417,0.022238957958084386,0.6189877001399344,0.0003807586666919312,repeat4_rapidgs_compact100_score10,FasterGSFusedRapid,1046017.5,6447.710523899162,4,0.3377682492136955,0.0011327719856585898,flowers,160.81807575,5.84185127042094,4.163095831871033,0.005683215023012486,220.21992727024553,7.504919515995192
28.081070919831593,0.03705078566780074,0.8714267654965321,0.0003444359052592833,repeat4_rapidgs_compact100_score10,FasterGSFusedRapid,2435596.0,15223.350901383921,4,0.10824352611477177,0.000291246213396909,garden,274.7569335,2.0808149708410637,5.968692898750305,0.017901222527623873,337.63538765425255,1.7873416906314132
32.18651101248605,0.05351676279383527,0.9407180884054729,0.000384030197789303,repeat4_rapidgs_compact100_score10,FasterGSFusedRapid,1107498.5,4689.899394798713,4,0.0975716588220426,0.000525987505009595,kitchen,222.90810825,1.5127454419567394,6.644006848335266,0.00727207032465992,297.50593222500174,1.5634100772495552
32.427304280109894,0.05911561031149464,0.939237287411323,0.0001634677736042626,repeat4_rapidgs_compact100_score10,FasterGSFusedRapid,519775.25,1090.4727950144684,4,0.16532443783795223,0.000202693893136098,room,124.86630000000001,2.5805920147626287,6.079780459403992,0.0034198172885433983,199.6888141147465,3.261540433487242
27.434237957000732,0.03784727848036548,0.7936269752681255,0.00035843174310925586,repeat4_rapidgs_compact100_score10,FasterGSFusedRapid,998812.75,10333.06103001429,4,0.23763355589471757,0.0006811221166840084,stump,137.89666799999998,2.6590812958946324,3.3262526988983154,0.0086909092054979,192.4762315352491,4.377996182544963
23.357982476552326,0.04369334309935347,0.6510118817289671,0.0007734560223795337,repeat4_rapidgs_compact100_score10,FasterGSFusedRapid,914483.5,8042.263922553151,4,0.37669112905859947,0.0008658261179962366,treehill,135.352405,3.4038813018057215,3.5076143741607666,0.0041663178658209975,191.73339502299496,4.749323348213136
25.665739822387692,0.01148069374969092,0.7629574382305145,0.0003837937353161171,schedule_21k,FasterGSFusedRapid,1491903.25,5409.941304364278,4,0.24507374688982964,0.0008579823366371494,bicycle,151.57756575,0.2880080527107586,5.006539940834045,0.009034809416088096,214.35852790725403,0.7360049663765029
32.127527559125745,0.22052417626428272,0.952199590769974,0.003014172324474409,schedule_21k,FasterGSFusedRapid,807255.5,985.1485505580703,4,0.13772224589578203,0.0004508356482499765,bonsai,144.37849275000002,0.4407955399512432,6.1575095653533936,0.01620608430772863,216.2888404444966,0.805186210824667
29.195539426803588,0.009093048342586852,0.920462329685688,0.00045732594084775476,schedule_21k,FasterGSFusedRapid,432355.5,506.6290556215662,4,0.16534261982887982,0.00039977165489619597,counter,118.06409,0.7836274666196105,4.88680374622345,0.0012785447669503734,181.55106705300204,0.5651353018063674
22.210464174097233,0.015416846825956317,0.616142988204956,0.0004891355075182901,schedule_21k,FasterGSFusedRapid,1027953.75,5876.77708584107,4,0.3428219377317212,0.00035128733933692936,flowers,138.56109600000002,1.0576081621013198,4.148170351982117,0.0048818432908805534,192.26537586625273,0.6915715218719534
27.988346139589943,0.0252203170692164,0.8698890414088964,0.00027477927448004265,schedule_21k,FasterGSFusedRapid,2418870.5,4270.6652487249185,4,0.10984452053283651,0.000167353283243346,garden,243.05067625,0.7225437403767296,5.928271651268005,0.006971419573493337,301.15002333100347,1.187601749753759
32.1064501626151,0.03522576954855917,0.9395981354372842,0.0004926122705317264,schedule_21k,FasterGSFusedRapid,1101871.5,2910.4955477260796,4,0.09938075563737324,0.0008929323987270385,kitchen,203.11855225,0.3284805549814528,6.6094653606414795,0.009450009397010099,275.5236345957492,0.4391247752228519
32.27809121058537,0.04587394224361953,0.9367298499131814,0.00040389085367312515,schedule_21k,FasterGSFusedRapid,515624.25,736.8900302397004,4,0.1674303977439801,0.00026935874776983057,room,112.06632675,0.5323447393217896,6.074258804321289,0.0020774238847133275,183.70476655849416,0.3033143474850363
27.34693333506584,0.00709836723416298,0.7920661866664886,0.0004094520435899035,schedule_21k,FasterGSFusedRapid,991338.0,6978.384961197445,4,0.24044126202352345,0.00030558750200091947,stump,119.68531349999999,0.4045499359110812,3.3190724849700928,0.004767930431622187,170.7258130750015,0.3655133244884989
23.32442675696479,0.035251238480938765,0.6489268210199144,0.0005138136169554038,schedule_21k,FasterGSFusedRapid,889050.0,3901.445287753416,4,0.38188558941086137,0.0004864033102993873,treehill,118.52091100000001,0.22646246723757937,3.4858438968658447,0.004148703775721047,169.31446864999816,1.1489347075328473
25.698704986572267,,0.7642185139656067,,schedule_22k,FasterGSFusedRapid,1488184.0,,1,0.24346157789230347,,bicycle,156.84676199999998,,4.9984917640686035,,220.01962064497638,
32.28890656136178,,0.9474952623650834,,schedule_22k,FasterGSFusedRapid,807418.0,,1,0.13797702016057195,,bonsai,152.00251599999999,,6.148971080780029,,222.65719572699163,
29.292769114176433,,0.9217262148857117,,schedule_22k,FasterGSFusedRapid,434253.0,,1,0.16441431666413944,,counter,124.914524,,4.891407489776611,,189.8259873460047,
22.249771118164062,,0.6176871196790175,,schedule_22k,FasterGSFusedRapid,1032369.0,,1,0.34060984578999604,,flowers,145.194205,,4.159104824066162,,199.9011916439922,
27.767485857009888,,0.866852417588234,,schedule_22k,FasterGSFusedRapid,2402336.0,,1,0.11143527552485466,,garden,254.80791,,5.913628101348877,,313.5450135740102,
32.151982934134345,,0.9404149498258318,,schedule_22k,FasterGSFusedRapid,1111838.0,,1,0.09814238484416689,,kitchen,214.322965,,6.631024360656738,,287.20379595900886,
32.347419396424904,,0.9386910230685503,,schedule_22k,FasterGSFusedRapid,517791.0,,1,0.16664191029774836,,room,118.960873,,6.075779914855957,,192.21069921299932,
27.408053755760193,,0.7921152822673321,,schedule_22k,FasterGSFusedRapid,974726.0,,1,0.2390092322602868,,stump,126.258174,,3.306060314178467,,178.72020606300794,
23.357754919264053,,0.6496624648571014,,schedule_22k,FasterGSFusedRapid,908840.0,,1,0.3802751964992947,,treehill,124.089573,,3.5011701583862305,,176.3062579589896,
25.716389083862303,,0.7667188978195191,,schedule_23k,FasterGSFusedRapid,1516882.0,,1,0.24002885580062866,,bicycle,155.380119,,5.045742511749268,,218.67438673001016,
32.606300869503535,,0.9555259798024152,,schedule_23k,FasterGSFusedRapid,806984.0,,1,0.13720615369242592,,bonsai,143.445618,,6.051477909088135,,215.6020194730081,
29.332301394144693,,0.921984201669693,,schedule_23k,FasterGSFusedRapid,428726.0,,1,0.1637626218299071,,counter,117.88529399999999,,4.824419021606445,,182.05499913700623,
22.244443806734953,,0.6178217354145917,,schedule_23k,FasterGSFusedRapid,1062508.0,,1,0.3406044298952276,,flowers,142.118647,,4.144435882568359,,197.6390714070003,
28.073960781097412,,0.8721958870689074,,schedule_23k,FasterGSFusedRapid,2548500.0,,1,0.10738229565322399,,garden,258.814265,,6.070546627044678,,317.86165280500427,
32.214867619105746,,0.9411201817648751,,schedule_23k,FasterGSFusedRapid,1077889.0,,1,0.09712321162223816,,kitchen,204.557879,,6.476202487945557,,277.62080701900413,
32.43264975914588,,0.9395480675575061,,schedule_23k,FasterGSFusedRapid,498614.0,,1,0.1644583801046396,,room,111.00283300000001,,5.998513698577881,,183.8145209250215,
27.39512038230896,,0.7936108745634556,,schedule_23k,FasterGSFusedRapid,954847.0,,1,0.23730195499956608,,stump,120.410765,,3.2585644721984863,,172.2094738339947,
23.411558892991806,,0.6517076657878028,,schedule_23k,FasterGSFusedRapid,881559.0,,1,0.37750723792446983,,treehill,118.57914500000001,,3.458509922027588,,169.9851179360121,
25.713544692993164,,0.7651690816879273,,schedule_25k,FasterGSFusedRapid,1491124.0,,1,0.2415195780992508,,bicycle,177.10938600000003,,5.019773483276367,,243.23876057300004,
32.639055561374974,,0.9557375054101687,,schedule_25k,FasterGSFusedRapid,799110.0,,1,0.13622079910458745,,bonsai,165.94926099999998,,6.1672163009643555,,241.36111230000097,
29.394540532430014,,0.9226999044418335,,schedule_25k,FasterGSFusedRapid,434067.0,,1,0.16263387004534405,,counter,135.523969,,4.906369686126709,,200.71164274999683,
22.25573322989724,,0.6206034638664939,,schedule_25k,FasterGSFusedRapid,1048144.0,,1,0.33456908843734046,,flowers,162.557943,,4.175914764404297,,219.36738650200277,
28.01849102973938,,0.8715940664211909,,schedule_25k,FasterGSFusedRapid,2440884.0,,1,0.1075989908228318,,garden,285.186186,,6.022337913513184,,344.68623138399926,
31.62008214678083,,0.939091682434082,,schedule_25k,FasterGSFusedRapid,1101895.0,,1,0.0985967395561082,,kitchen,237.400966,,6.698997974395752,,311.8671426159999,
32.41247049967448,,0.9390478271704453,,schedule_25k,FasterGSFusedRapid,517872.0,,1,0.1650979574292134,,room,128.709012,,6.088296890258789,,203.25252420700053,
27.341023087501526,,0.7924015894532204,,schedule_25k,FasterGSFusedRapid,994000.0,,1,0.2370428266003728,,stump,139.978665,,3.3335700035095215,,193.70076147400323,
23.418343438042534,,0.6526083681318495,,schedule_25k,FasterGSFusedRapid,926963.0,,1,0.37300613356961143,,treehill,139.867827,,3.5305066108703613,,192.8355654549996,
25.728479690551758,,0.7657078003883362,,schedule_27k,FasterGSFusedRapid,1481436.0,,1,0.2397140371799469,,bicycle,188.069222,,5.01167106628418,,258.0959092689991,
32.448291005315006,,0.9498602296854999,,schedule_27k,FasterGSFusedRapid,775843.0,,1,0.13639459034075607,,bonsai,174.11194600000002,,6.157503128051758,,248.28465848900305,
29.395857048034667,,0.9224687238534292,,schedule_27k,FasterGSFusedRapid,432025.0,,1,0.1615895075102647,,counter,144.701669,,4.911856651306152,,212.40238932399734,
22.29896796833385,,0.6237929842688821,,schedule_27k,FasterGSFusedRapid,1045339.0,,1,0.3333954187956723,,flowers,172.999682,,4.176605701446533,,230.85375094699702,
28.112045447031658,,0.872038242717584,,schedule_27k,FasterGSFusedRapid,2453647.0,,1,0.1069368664175272,,garden,308.02139400000004,,6.065359115600586,,368.5203692130017,
32.36246762956892,,0.9404917274202619,,schedule_27k,FasterGSFusedRapid,1085487.0,,1,0.09663985009704318,,kitchen,253.691156,,6.733647346496582,,328.1594016249983,
32.33948198954264,,0.9372778076391953,,schedule_27k,FasterGSFusedRapid,510305.0,,1,0.16547738493253022,,room,137.293637,,6.086603164672852,,212.24606135000067,
27.37873613834381,,0.7945237644016743,,schedule_27k,FasterGSFusedRapid,1004197.0,,1,0.2342174295336008,,stump,150.108134,,3.3511881828308105,,202.23995222599842,
23.330311987135147,,0.6539990405241648,,schedule_27k,FasterGSFusedRapid,943022.0,,1,0.36825164490275913,,treehill,149.292305,,3.550868034362793,,202.7445767019999,
25.731926803588866,,0.7669535088539123,,schedule_30k,FasterGSFusedRapid,1504351.0,,1,0.23845431029796602,,bicycle,188.442093,,5.030335426330566,,243.73103833501227,
32.66047379777238,,0.9515599495655781,,schedule_30k,FasterGSFusedRapid,803826.0,,1,0.13519703113549464,,bonsai,171.642021,,6.061424255371094,,234.45286927900452,
29.46554838816325,,0.9234120170275371,,schedule_30k,FasterGSFusedRapid,427014.0,,1,0.16094741423924763,,counter,140.381538,,4.823366165161133,,197.0127346030058,
22.218808434226297,,0.619629748842933,,schedule_30k,FasterGSFusedRapid,1068170.0,,1,0.33632255684245715,,flowers,170.548256,,4.1445159912109375,,218.5978708360053,
28.19931689898173,,0.872810977200667,,schedule_30k,FasterGSFusedRapid,2555368.0,,1,0.10612484378119309,,garden,316.51068100000003,,6.080404281616211,,367.33940153000003,
32.15545872279576,,0.9412788970129831,,schedule_30k,FasterGSFusedRapid,1076609.0,,1,0.09666980504989624,,kitchen,244.462016,,6.469503402709961,,307.79143986200506,
32.37434279613006,,0.9391619991033505,,schedule_30k,FasterGSFusedRapid,497349.0,,1,0.16445045001231706,,room,128.427163,,5.998905658721924,,191.32794173099683,
27.389300107955933,,0.7934628054499626,,schedule_30k,FasterGSFusedRapid,953233.0,,1,0.23602371662855148,,stump,146.248185,,3.258498191833496,,191.35524579600315,
23.365179697672527,,0.6520050267378489,,schedule_30k,FasterGSFusedRapid,891139.0,,1,0.3744293683105045,,treehill,142.72413699999998,,3.4702181816101074,,186.56868234099238,
25.80297409057617,,0.7713697195053101,,score_threshold_2,FasterGSFusedRapid,1668557.0,,1,0.23180102586746215,,bicycle,156.27849,,5.245891094207764,,211.15625377900142,
32.49576393333641,,0.9529679385391442,,score_threshold_2,FasterGSFusedRapid,924757.0,,1,0.13557454641606356,,bonsai,145.557412,,6.195594787597656,,209.18814491399826,
29.3009090423584,,0.9226082503795624,,score_threshold_2,FasterGSFusedRapid,468669.0,,1,0.16228877604007722,,counter,113.32305500000001,,4.8740315437316895,,169.75484575099836,
22.216473492709074,,0.6186282147060741,,score_threshold_2,FasterGSFusedRapid,1209863.0,,1,0.3366999382322485,,flowers,143.064046,,4.355721473693848,,189.7877990190027,
28.099618196487427,,0.8724932447075844,,score_threshold_2,FasterGSFusedRapid,2905086.0,,1,0.10554513180007537,,garden,273.150672,,6.554916858673096,,324.46436785300466,
32.205664716448105,,0.9410309859684536,,score_threshold_2,FasterGSFusedRapid,1166154.0,,1,0.09726301761610168,,kitchen,210.911398,,6.742033958435059,,274.4980625249955,
32.46074466216258,,0.9402623956020062,,score_threshold_2,FasterGSFusedRapid,548398.0,,1,0.16232246427963942,,room,109.170446,,6.0528974533081055,,172.1854956399984,
27.478830099105835,,0.7964782007038593,,score_threshold_2,FasterGSFusedRapid,1088660.0,,1,0.2302707526832819,,stump,123.12413099999999,,3.4179859161376953,,167.18972065699927,
23.389039675394695,,0.6553530593713125,,score_threshold_2,FasterGSFusedRapid,974105.0,,1,0.3689737319946289,,treehill,118.25021,,3.6085000038146973,,163.64806646699435,
25.664521789550783,,0.7617004656791687,,score_threshold_8,FasterGSFusedRapid,1366231.0,,1,0.24745024800300597,,bicycle,140.185727,,4.853444576263428,,194.67863720300375,
32.21730417818637,,0.9453867142264908,,score_threshold_8,FasterGSFusedRapid,722379.0,,1,0.1395167168733236,,bonsai,131.313941,,5.9642181396484375,,194.34789913499844,
29.35286897023519,,0.9215736865997315,,score_threshold_8,FasterGSFusedRapid,398575.0,,1,0.1651474709312121,,counter,109.1279,,4.785008430480957,,165.65644236699882,
22.13761399009011,,0.6150258725339716,,score_threshold_8,FasterGSFusedRapid,971951.0,,1,0.33788201212882996,,flowers,128.582584,,4.039074420928955,,175.69110955700307,
28.003066062927246,,0.8701590895652771,,score_threshold_8,FasterGSFusedRapid,2231027.0,,1,0.11022674975295861,,garden,229.327791,,5.680881977081299,,279.87111504000495,
32.18544420514788,,0.9415087870189122,,score_threshold_8,FasterGSFusedRapid,1004382.0,,1,0.09776440411806106,,kitchen,186.00571300000001,,6.330235004425049,,248.6640556669954,
32.45172349000588,,0.9390084239152762,,score_threshold_8,FasterGSFusedRapid,458285.0,,1,0.1666309940509307,,room,100.49014,,5.956916809082031,,162.90568157599773,
27.37688434123993,,0.7919253036379814,,score_threshold_8,FasterGSFusedRapid,863577.0,,1,0.24269768688827753,,stump,108.693524,,3.1674513816833496,,152.47370037299697,
23.344167921278213,,0.6472810407479604,,score_threshold_8,FasterGSFusedRapid,805682.0,,1,0.38570453723271686,,treehill,106.880048,,3.3629493713378906,,150.59437719499692,
25.59957489013672,,0.7604583764076233,,score_views_1,FasterGSFusedRapid,920873.0,,1,0.2521313464641571,,bicycle,113.829889,,4.367072582244873,,173.01120808300038,
32.367316014057884,,0.9542106100030847,,score_views_1,FasterGSFusedRapid,629208.0,,1,0.14330567500075778,,bonsai,119.474339,,5.8079986572265625,,181.9917986799992,
29.298353703816733,,0.9205826083819072,,score_views_1,FasterGSFusedRapid,357510.0,,1,0.16844398801525434,,counter,101.846406,,4.705068111419678,,157.5129140930003,
22.071811849420722,,0.6065819155086171,,score_views_1,FasterGSFusedRapid,788619.0,,1,0.3581344593654979,,flowers,115.7428,,3.8982763290405273,,163.6052064989999,
28.038811604181927,,0.8704083313544592,,score_views_1,FasterGSFusedRapid,2094119.0,,1,0.11140207139154275,,garden,216.20952599999998,,5.487364292144775,,266.92267561300105,
31.58791160583496,,0.937079153742109,,score_views_1,FasterGSFusedRapid,872322.0,,1,0.103723977293287,,kitchen,171.59222,,6.018226623535156,,234.9919063000052,
32.295868360079254,,0.9382788004019321,,score_views_1,FasterGSFusedRapid,383900.0,,1,0.1701105922842637,,room,94.41011500000002,,5.8658623695373535,,157.91579131999606,
27.211745500564575,,0.7842167317867279,,score_views_1,FasterGSFusedRapid,521314.0,,1,0.25480697490274906,,stump,93.027592,,2.845844268798828,,138.08144229299796,
23.29704411824544,,0.645777122841941,,score_views_1,FasterGSFusedRapid,488881.0,,1,0.3950687911775377,,treehill,89.833809,,3.0582151412963867,,134.72795586500433,
25.711643981933594,,0.7651968932151795,,score_views_10,FasterGSFusedRapid,1499355.0,,1,0.24190002501010896,,bicycle,151.933458,,5.008214473724365,,206.76691779700195,
32.613016850239525,,0.9559797274099814,,score_views_10,FasterGSFusedRapid,817174.0,,1,0.13689188518234202,,bonsai,141.113236,,6.108737945556641,,203.8627772089967,
29.332127634684245,,0.9220410366853078,,score_views_10,FasterGSFusedRapid,438027.0,,1,0.16349257777134577,,counter,113.16810699999999,,4.8472490310668945,,167.878300974,
22.215732314369895,,0.6186542402614247,,score_views_10,FasterGSFusedRapid,1044757.0,,1,0.33916161277077417,,flowers,137.40902400000002,,4.122848033905029,,184.2124385510033,
28.05602518717448,,0.8717168718576431,,score_views_10,FasterGSFusedRapid,2464779.0,,1,0.10782103675107162,,garden,249.911938,,6.000364303588867,,300.7057967349974,
32.15422679356166,,0.9402811067444937,,score_views_10,FasterGSFusedRapid,1112369.0,,1,0.09795227668115071,,kitchen,203.787879,,6.607924938201904,,266.9195255599989,
32.324252299773384,,0.9387781146245125,,score_views_10,FasterGSFusedRapid,521769.0,,1,0.16526839691094863,,room,108.43195699999998,,6.0280537605285645,,171.61915456599672,
27.450525641441345,,0.7934098653495312,,score_views_10,FasterGSFusedRapid,1003383.0,,1,0.23827305622398853,,stump,119.65900400000001,,3.2914786338806152,,164.23955410499912,
23.33895248836941,,0.6510494583182864,,score_views_10,FasterGSFusedRapid,927314.0,,1,0.3760246021880044,,treehill,118.179593,,3.5036091804504395,,163.22544202999416,
25.66209602355957,,0.7620944118499756,,score_views_20,FasterGSFusedRapid,1427620.0,,1,0.24676350831985475,,bicycle,153.487874,,4.9257097244262695,,207.88236384800257,
32.54469990085911,,0.9554332752485533,,score_views_20,FasterGSFusedRapid,775733.0,,1,0.13722320082219872,,bonsai,144.13192899999999,,6.103895664215088,,206.3872520290024,
29.3964288075765,,0.9218848288059235,,score_views_20,FasterGSFusedRapid,432905.0,,1,0.1640106588602066,,counter,116.966502,,4.862926483154297,,173.181852943002,
22.151580290360883,,0.6162454404614188,,score_views_20,FasterGSFusedRapid,1004153.0,,1,0.3382573683153499,,flowers,140.304621,,4.088050842285156,,187.20462276799663,
27.992799599965412,,0.8696624512473742,,score_views_20,FasterGSFusedRapid,2296185.0,,1,0.11004980156819026,,garden,247.43665,,5.845698833465576,,298.51693559400155,
31.852331488473073,,0.9384124534470695,,score_views_20,FasterGSFusedRapid,1114364.0,,1,0.099695359064,,kitchen,211.632148,,6.773043155670166,,274.48503436300234,
32.24844081585224,,0.9385773279728034,,score_views_20,FasterGSFusedRapid,519227.0,,1,0.16596145870593879,,room,111.01834499999998,,6.050210475921631,,173.71801559799496,
27.318358540534973,,0.791304063051939,,score_views_20,FasterGSFusedRapid,956576.0,,1,0.23991843033581972,,stump,122.266361,,3.2541098594665527,,166.0012630899946,
23.353177070617676,,0.6505598293410407,,score_views_20,FasterGSFusedRapid,897403.0,,1,0.3755556113190121,,treehill,121.05435299999999,,3.4538698196411133,,165.4746395530019,
25.749718170166016,,0.767396891117096,,score_views_3,FasterGSFusedRapid,1421034.0,,1,0.24015117704868316,,bicycle,140.874428,,4.9451398849487305,,195.63998576800077,
32.62669192133723,,0.9559218980170585,,score_views_3,FasterGSFusedRapid,764890.0,,1,0.1379323315781516,,bonsai,131.635415,,6.022524833679199,,194.96858296899882,
29.381308428446452,,0.9219640374183655,,score_views_3,FasterGSFusedRapid,417320.0,,1,0.16463220616181692,,counter,109.125466,,4.788605690002441,,165.2204255530014,
22.23170887340199,,0.6170661774548617,,score_views_3,FasterGSFusedRapid,1039290.0,,1,0.3434278897263787,,flowers,131.57775600000002,,4.129277229309082,,179.60136033000163,
28.077284415562946,,0.8720066274205843,,score_views_3,FasterGSFusedRapid,2517947.0,,1,0.10734172227482001,,garden,245.138527,,6.023721218109131,,295.887524208003,
32.21869986397879,,0.9407971245901925,,score_views_3,FasterGSFusedRapid,1045585.0,,1,0.09812308826616832,,kitchen,189.825573,,6.355645179748535,,253.28673168700334,
32.41881375435071,,0.9393754509779123,,score_views_3,FasterGSFusedRapid,467015.0,,1,0.16574366008624053,,room,102.090167,,5.959438323974609,,164.9402969090006,
27.379733681678772,,0.7934663221240044,,score_views_3,FasterGSFusedRapid,840520.0,,1,0.23912810254842043,,stump,108.225932,,3.15130615234375,,153.10222839200287,
23.330042203267414,,0.6498495737711588,,score_views_3,FasterGSFusedRapid,801050.0,,1,0.3807472669416004,,treehill,106.62707599999999,,3.370863914489746,,152.407352481001,
25.72904121398926,,0.7667758512496948,,split,FasterGSFusedRapid,1490328.0,,1,0.24034611284732818,,bicycle,159.08442499999998,,5.221719741821289,,213.81492539499595,
32.53347407160579,,0.9554484003298992,,split,FasterGSFusedRapid,806770.0,,1,0.13676409403214584,,bonsai,144.289822,,6.231632232666016,,207.74482905000332,
29.300297991434732,,0.9219424664974213,,split,FasterGSFusedRapid,428214.0,,1,0.16370231558879217,,counter,113.992324,,4.8761725425720215,,170.19268072300474,
22.210000124844637,,0.6174012693491849,,split,FasterGSFusedRapid,1062561.0,,1,0.3414147848432714,,flowers,141.268138,,4.370798110961914,,187.95491267100442,
28.0073082447052,,0.8713843201597532,,split,FasterGSFusedRapid,2558256.0,,1,0.10719769975791375,,garden,265.99336,,6.420843124389648,,316.74718511999527,
31.76130452837263,,0.9390796882765634,,split,FasterGSFusedRapid,1086973.0,,1,0.09826760057892119,,kitchen,201.22423999999998,,6.8230814933776855,,264.66502775100525,
32.42360975803473,,0.9395627685082264,,split,FasterGSFusedRapid,499292.0,,1,0.16456009103701666,,room,109.027619,,6.064216136932373,,173.23744244500995,
27.402337074279785,,0.7933167330920696,,split,FasterGSFusedRapid,957277.0,,1,0.23745830077677965,,stump,121.991914,,3.4634056091308594,,167.1926579509891,
23.398946868048775,,0.6518339183595445,,split,FasterGSFusedRapid,885890.0,,1,0.3773638705412547,,treehill,119.151995,,3.6546449661254883,,164.26144729999942,
25.716389083862303,,0.7667188978195191,,structure_full,FasterGSFusedRapid,1516882.0,,1,0.24002885580062866,,bicycle,155.380119,,5.045742511749268,,218.67438673001016,
32.606300869503535,,0.9555259798024152,,structure_full,FasterGSFusedRapid,806984.0,,1,0.13720615369242592,,bonsai,143.445618,,6.051477909088135,,215.6020194730081,
29.332301394144693,,0.921984201669693,,structure_full,FasterGSFusedRapid,428726.0,,1,0.1637626218299071,,counter,117.88529399999999,,4.824419021606445,,182.05499913700623,
22.244443806734953,,0.6178217354145917,,structure_full,FasterGSFusedRapid,1062508.0,,1,0.3406044298952276,,flowers,142.118647,,4.144435882568359,,197.6390714070003,
28.073960781097412,,0.8721958870689074,,structure_full,FasterGSFusedRapid,2548500.0,,1,0.10738229565322399,,garden,258.814265,,6.070546627044678,,317.86165280500427,
32.214867619105746,,0.9411201817648751,,structure_full,FasterGSFusedRapid,1077889.0,,1,0.09712321162223816,,kitchen,204.557879,,6.476202487945557,,277.62080701900413,
32.43264975914588,,0.9395480675575061,,structure_full,FasterGSFusedRapid,498614.0,,1,0.1644583801046396,,room,111.00283300000001,,5.998513698577881,,183.8145209250215,
27.39512038230896,,0.7936108745634556,,structure_full,FasterGSFusedRapid,954847.0,,1,0.23730195499956608,,stump,120.410765,,3.2585644721984863,,172.2094738339947,
23.411558892991806,,0.6517076657878028,,structure_full,FasterGSFusedRapid,881559.0,,1,0.37750723792446983,,treehill,118.57914500000001,,3.458509922027588,,169.9851179360121,
25.802706146240233,,0.777109124660492,,structure_gradient_only,FasterGSFusedRapid,2692636.0,,1,0.21714599907398224,,bicycle,204.410611,,6.232748508453369,,259.69136928199805,
32.45696418349807,,0.9557052705738995,,structure_gradient_only,FasterGSFusedRapid,2329730.0,,1,0.13131403822351145,,bonsai,220.209068,,8.03164005279541,,284.614420873997,
29.29376049041748,,0.9232137501239777,,structure_gradient_only,FasterGSFusedRapid,930250.0,,1,0.15713429649670918,,counter,138.101869,,5.274646759033203,,194.96173184500003,
22.21414210579612,,0.621136723594232,,structure_gradient_only,FasterGSFusedRapid,1941590.0,,1,0.3276894458315589,,flowers,179.276214,,5.095800876617432,,227.04246787800002,
27.79790385564168,,0.8713205854098002,,structure_gradient_only,FasterGSFusedRapid,4590338.0,,1,0.10547936086853345,,garden,353.532244,,8.333007335662842,,406.06135759000244,
32.20212364196777,,0.9409262895584106,,structure_gradient_only,FasterGSFusedRapid,2663475.0,,1,0.0959452047944069,,kitchen,289.238359,,8.681783199310303,,353.87931874999776,
31.93713716360239,,0.939288487801185,,structure_gradient_only,FasterGSFusedRapid,1205216.0,,1,0.15790954881753677,,room,141.606988,,6.788027763366699,,206.10099566899953,
27.4245023727417,,0.7979215681552887,,structure_gradient_only,FasterGSFusedRapid,1993229.0,,1,0.22013822942972183,,stump,164.835541,,4.291188716888428,,209.59757644899946,
23.386952082316082,,0.6607215901215872,,structure_gradient_only,FasterGSFusedRapid,1762947.0,,1,0.34931620624330306,,treehill,154.42713099999997,,4.35712194442749,,200.44538480100164,
25.830331802368164,,0.777307813167572,,structure_no_score_gate,FasterGSFusedRapid,2373436.0,,1,0.21677172541618348,,bicycle,200.134068,,6.26810359954834,,256.06700053500026,
32.03145119950578,,0.9495688741271561,,structure_no_score_gate,FasterGSFusedRapid,1681498.0,,1,0.13473542014489304,,bonsai,212.367402,,8.070674896240234,,277.0816375619979,
29.24000295003255,,0.9230407476425171,,structure_no_score_gate,FasterGSFusedRapid,752393.0,,1,0.15783404906590778,,counter,134.49150500000002,,5.267178058624268,,191.40729446699697,
22.236139210787687,,0.621703334830024,,structure_no_score_gate,FasterGSFusedRapid,1657598.0,,1,0.32945236699147656,,flowers,175.06429400000002,,5.105797290802002,,222.02738570300062,
27.832657257715862,,0.8702907810608546,,structure_no_score_gate,FasterGSFusedRapid,3903215.0,,1,0.10780159880717595,,garden,343.644001,,8.329026699066162,,396.04243069899894,
32.17504043579102,,0.9414520229612078,,structure_no_score_gate,FasterGSFusedRapid,1851976.0,,1,0.09577071751867022,,kitchen,275.932048,,8.685039520263672,,340.7482222489998,
31.650100903633312,,0.9360705430691059,,structure_no_score_gate,FasterGSFusedRapid,956717.0,,1,0.15998361928340715,,room,138.031355,,6.810358047485352,,202.15274710700032,
27.449517726898193,,0.7984867580235004,,structure_no_score_gate,FasterGSFusedRapid,1731605.0,,1,0.22078938130289316,,stump,161.446618,,4.288290023803711,,206.07101920499917,
23.36582152048747,,0.661013275384903,,structure_no_score_gate,FasterGSFusedRapid,1436749.0,,1,0.35012931128342945,,treehill,148.506031,,4.324797630310059,,193.883548728998,
25.689968185424803,,0.7660609149932861,,structure_no_vcp,FasterGSFusedRapid,1637600.0,,1,0.24025331914424897,,bicycle,150.016437,,5.032769680023193,,204.97766564700214,
32.5120126878893,,0.9542695138905499,,structure_no_vcp,FasterGSFusedRapid,960486.0,,1,0.13529138528817408,,bonsai,139.262964,,6.050713062286377,,202.71934453300128,
29.369042269388835,,0.9223637402057647,,structure_no_vcp,FasterGSFusedRapid,476015.0,,1,0.16236507371068,,counter,111.952981,,4.823880195617676,,169.0401119950002,
22.203710729425605,,0.617322797125036,,structure_no_vcp,FasterGSFusedRapid,1150116.0,,1,0.3406837420030074,,flowers,136.42905100000002,,4.134063720703125,,183.54386812399753,
28.004852612813313,,0.8718675822019577,,structure_no_vcp,FasterGSFusedRapid,2781481.0,,1,0.10646114063759644,,garden,252.89157600000001,,6.065485954284668,,304.75165744400147,
32.18254312787737,,0.9407706533159529,,structure_no_vcp,FasterGSFusedRapid,1266513.0,,1,0.09656170957854816,,kitchen,200.313448,,6.479719638824463,,263.94690922600057,
32.39832829206418,,0.9396925553297385,,structure_no_vcp,FasterGSFusedRapid,560991.0,,1,0.16296550536002868,,room,104.576025,,6.002737522125244,,167.6671653480007,
27.344211220741272,,0.7924577370285988,,structure_no_vcp,FasterGSFusedRapid,1056158.0,,1,0.23769905138760805,,stump,116.10749,,3.260958194732666,,160.3339178560018,
23.42982218000624,,0.6518951886230044,,structure_no_vcp,FasterGSFusedRapid,1009016.0,,1,0.3762528333399031,,treehill,114.61243400000001,,3.4663147926330566,,159.0613383409982,
