PSNR,SSIM,commit,dirty,experiment,method,n_gaussians,num_iterations,paper_lpips_vgg,run,scene,suite,train_time_sec,vram_allocated_gb,wall_time_sec
25.26421531677246,0.765493586063385,e990b62e6a1b5b36191853ca068799b6bc78c08b,True,main_3dgs,GaussianSplatting,4684596.0,30000,0.2052609360218048,run_01,bicycle,gaussiansplatting_9scenes_r1c,1204.277526,6.535756587982178,1250.2266376539774
21.566857598044656,0.6017836345867678,e990b62e6a1b5b36191853ca068799b6bc78c08b,True,main_3dgs,GaussianSplatting,2779256.0,30000,0.3346445032141425,run_01,flowers,gaussiansplatting_9scenes_r1c,859.198423,3.805497169494629,899.4261105770129
27.493876377741497,0.8667040665944418,e990b62e6a1b5b36191853ca068799b6bc78c08b,True,main_3dgs,GaussianSplatting,4061444.0,30000,0.10528836554537217,run_01,garden,gaussiansplatting_9scenes_r1c,1169.603955,5.520532608032227,1213.5574543949915
26.61670410633087,0.7710116393864155,e990b62e6a1b5b36191853ca068799b6bc78c08b,True,main_3dgs,GaussianSplatting,4160262.0,30000,0.2145159263163805,run_01,stump,gaussiansplatting_9scenes_r1c,984.0677190000001,5.582422256469727,1025.376381362992
22.664340337117512,0.6331524782710605,e990b62e6a1b5b36191853ca068799b6bc78c08b,True,main_3dgs,GaussianSplatting,3056484.0,30000,0.3222808837890625,run_01,treehill,gaussiansplatting_9scenes_r1c,926.6794,4.1877336502075195,967.4868124389905
31.759248293363132,0.9206553926834693,e990b62e6a1b5b36191853ca068799b6bc78c08b,True,main_3dgs,GaussianSplatting,1244363.0,30000,0.21741754580766726,run_01,room,gaussiansplatting_9scenes_r1c,1117.810731,2.1420493125915527,1185.3943590889976
29.14900360107422,0.9095279494921367,e990b62e6a1b5b36191853ca068799b6bc78c08b,True,main_3dgs,GaussianSplatting,1037906.0,30000,0.19697991559902828,run_01,counter,gaussiansplatting_9scenes_r1c,1073.9883690000001,1.8320574760437012,1134.8033451829979
31.530313546316965,0.9282313142504011,e990b62e6a1b5b36191853ca068799b6bc78c08b,True,main_3dgs,GaussianSplatting,1551792.0,30000,0.12471341448170799,run_01,kitchen,gaussiansplatting_9scenes_r1c,1236.598142,2.556769371032715,1303.1755764910195
32.32246383460792,0.9414376471493695,e990b62e6a1b5b36191853ca068799b6bc78c08b,True,main_3dgs,GaussianSplatting,1045333.0,30000,0.2029087096452713,run_01,bonsai,gaussiansplatting_9scenes_r1c,909.6772569999999,1.6659760475158691,975.6331669840147
25.255477600097656,0.7670379662513733,unknown,False,main_fastergs,FasterGSFused,4832680.0,30000,0.20213117241859435,run_01,bicycle,fastergsfused_9scenes_r1c,444.45860899999997,4.966646194458008,488.98661778101814
21.645942774685945,0.603656682101163,unknown,False,main_fastergs,FasterGSFused,2821530.0,30000,0.33376240865750745,run_01,flowers,fastergsfused_9scenes_r1c,320.733142,2.8773961067199707,360.39496777701424
27.533296585083008,0.8668858334422112,unknown,False,main_fastergs,FasterGSFused,4151230.0,30000,0.1047866086785992,run_01,garden,fastergsfused_9scenes_r1c,456.037178,4.21663236618042,499.6667786859907
26.6615571975708,0.771534264087677,unknown,False,main_fastergs,FasterGSFused,4279265.0,30000,0.2118992619216442,run_01,stump,fastergsfused_9scenes_r1c,374.252009,4.361817359924316,413.8550416599901
22.730071385701496,0.6364929642942216,unknown,False,main_fastergs,FasterGSFused,3179840.0,30000,0.31570080916086835,run_01,treehill,fastergsfused_9scenes_r1c,329.899442,3.24491024017334,370.244378510979
31.545762966840694,0.9205696873175793,unknown,False,main_fastergs,FasterGSFused,1316044.0,30000,0.2147681311919139,run_01,room,fastergsfused_9scenes_r1c,280.137896,1.5460467338562012,347.1209589840146
29.124523735046388,0.909301346540451,unknown,False,main_fastergs,FasterGSFused,1065832.0,30000,0.19723408420880637,run_01,counter,fastergsfused_9scenes_r1c,284.920187,1.3611526489257812,345.7633313209808
31.38930353437151,0.9291052647999355,unknown,False,main_fastergs,FasterGSFused,1594297.0,30000,0.12356312019484383,run_01,kitchen,fastergsfused_9scenes_r1c,363.937454,1.8752970695495605,429.55737032802426
32.1816828959697,0.9407616032136453,unknown,False,main_fastergs,FasterGSFused,1067062.0,30000,0.2030086477060576,run_01,bonsai,fastergsfused_9scenes_r1c,263.51428500000003,1.248990535736084,328.9926416189992
25.716389083862303,0.7667188978195191,unknown,False,main_rapidgs,FasterGSFusedRapid,1516882.0,23000,0.24002885580062866,run_01,bicycle,fastergsfusedrapid_ablation_23k_compact075_score5_9scenes_r1,155.380119,5.045742511749268,218.67438673001016
22.244443806734953,0.6178217354145917,unknown,False,main_rapidgs,FasterGSFusedRapid,1062508.0,23000,0.3406044298952276,run_01,flowers,fastergsfusedrapid_ablation_23k_compact075_score5_9scenes_r1,142.118647,4.144435882568359,197.6390714070003
28.073960781097412,0.8721958870689074,unknown,False,main_rapidgs,FasterGSFusedRapid,2548500.0,23000,0.10738229565322399,run_01,garden,fastergsfusedrapid_ablation_23k_compact075_score5_9scenes_r1,258.814265,6.070546627044678,317.86165280500427
27.39512038230896,0.7936108745634556,unknown,False,main_rapidgs,FasterGSFusedRapid,954847.0,23000,0.23730195499956608,run_01,stump,fastergsfusedrapid_ablation_23k_compact075_score5_9scenes_r1,120.410765,3.2585644721984863,172.2094738339947
23.411558892991806,0.6517076657878028,unknown,False,main_rapidgs,FasterGSFusedRapid,881559.0,23000,0.37750723792446983,run_01,treehill,fastergsfusedrapid_ablation_23k_compact075_score5_9scenes_r1,118.57914500000001,3.458509922027588,169.9851179360121
32.43264975914588,0.9395480675575061,unknown,False,main_rapidgs,FasterGSFusedRapid,498614.0,23000,0.1644583801046396,run_01,room,fastergsfusedrapid_ablation_23k_compact075_score5_9scenes_r1,111.00283300000001,5.998513698577881,183.8145209250215
29.332301394144693,0.921984201669693,unknown,False,main_rapidgs,FasterGSFusedRapid,428726.0,23000,0.1637626218299071,run_01,counter,fastergsfusedrapid_ablation_23k_compact075_score5_9scenes_r1,117.88529399999999,4.824419021606445,182.05499913700623
32.214867619105746,0.9411201817648751,unknown,False,main_rapidgs,FasterGSFusedRapid,1077889.0,23000,0.09712321162223816,run_01,kitchen,fastergsfusedrapid_ablation_23k_compact075_score5_9scenes_r1,204.557879,6.476202487945557,277.62080701900413
32.606300869503535,0.9555259798024152,unknown,False,main_rapidgs,FasterGSFusedRapid,806984.0,23000,0.13720615369242592,run_01,bonsai,fastergsfusedrapid_ablation_23k_compact075_score5_9scenes_r1,143.445618,6.051477909088135,215.6020194730081
25.716389083862303,0.7667188978195191,unknown,False,structure_full,FasterGSFusedRapid,1516882.0,23000,0.24002885580062866,run_01,bicycle,fastergsfusedrapid_ablation_23k_compact075_score5_9scenes_r1,155.380119,5.045742511749268,218.67438673001016
22.244443806734953,0.6178217354145917,unknown,False,structure_full,FasterGSFusedRapid,1062508.0,23000,0.3406044298952276,run_01,flowers,fastergsfusedrapid_ablation_23k_compact075_score5_9scenes_r1,142.118647,4.144435882568359,197.6390714070003
28.073960781097412,0.8721958870689074,unknown,False,structure_full,FasterGSFusedRapid,2548500.0,23000,0.10738229565322399,run_01,garden,fastergsfusedrapid_ablation_23k_compact075_score5_9scenes_r1,258.814265,6.070546627044678,317.86165280500427
27.39512038230896,0.7936108745634556,unknown,False,structure_full,FasterGSFusedRapid,954847.0,23000,0.23730195499956608,run_01,stump,fastergsfusedrapid_ablation_23k_compact075_score5_9scenes_r1,120.410765,3.2585644721984863,172.2094738339947
23.411558892991806,0.6517076657878028,unknown,False,structure_full,FasterGSFusedRapid,881559.0,23000,0.37750723792446983,run_01,treehill,fastergsfusedrapid_ablation_23k_compact075_score5_9scenes_r1,118.57914500000001,3.458509922027588,169.9851179360121
32.43264975914588,0.9395480675575061,unknown,False,structure_full,FasterGSFusedRapid,498614.0,23000,0.1644583801046396,run_01,room,fastergsfusedrapid_ablation_23k_compact075_score5_9scenes_r1,111.00283300000001,5.998513698577881,183.8145209250215
29.332301394144693,0.921984201669693,unknown,False,structure_full,FasterGSFusedRapid,428726.0,23000,0.1637626218299071,run_01,counter,fastergsfusedrapid_ablation_23k_compact075_score5_9scenes_r1,117.88529399999999,4.824419021606445,182.05499913700623
32.214867619105746,0.9411201817648751,unknown,False,structure_full,FasterGSFusedRapid,1077889.0,23000,0.09712321162223816,run_01,kitchen,fastergsfusedrapid_ablation_23k_compact075_score5_9scenes_r1,204.557879,6.476202487945557,277.62080701900413
32.606300869503535,0.9555259798024152,unknown,False,structure_full,FasterGSFusedRapid,806984.0,23000,0.13720615369242592,run_01,bonsai,fastergsfusedrapid_ablation_23k_compact075_score5_9scenes_r1,143.445618,6.051477909088135,215.6020194730081
25.689968185424803,0.7660609149932861,3b1f06893c167645acec3fcf64c39adfabb74c0d,True,structure_no_vcp,FasterGSFusedRapid,1637600.0,23000,0.24025331914424897,run_01,bicycle,thesis_ablation_structure_no_vcp_matched_23k_9scenes_r1,150.016437,5.032769680023193,204.97766564700214
22.203710729425605,0.617322797125036,3b1f06893c167645acec3fcf64c39adfabb74c0d,True,structure_no_vcp,FasterGSFusedRapid,1150116.0,23000,0.3406837420030074,run_01,flowers,thesis_ablation_structure_no_vcp_matched_23k_9scenes_r1,136.42905100000002,4.134063720703125,183.54386812399753
28.004852612813313,0.8718675822019577,3b1f06893c167645acec3fcf64c39adfabb74c0d,True,structure_no_vcp,FasterGSFusedRapid,2781481.0,23000,0.10646114063759644,run_01,garden,thesis_ablation_structure_no_vcp_matched_23k_9scenes_r1,252.89157600000001,6.065485954284668,304.75165744400147
27.344211220741272,0.7924577370285988,3b1f06893c167645acec3fcf64c39adfabb74c0d,True,structure_no_vcp,FasterGSFusedRapid,1056158.0,23000,0.23769905138760805,run_01,stump,thesis_ablation_structure_no_vcp_matched_23k_9scenes_r1,116.10749,3.260958194732666,160.3339178560018
23.42982218000624,0.6518951886230044,3b1f06893c167645acec3fcf64c39adfabb74c0d,True,structure_no_vcp,FasterGSFusedRapid,1009016.0,23000,0.3762528333399031,run_01,treehill,thesis_ablation_structure_no_vcp_matched_23k_9scenes_r1,114.61243400000001,3.4663147926330566,159.0613383409982
32.39832829206418,0.9396925553297385,3b1f06893c167645acec3fcf64c39adfabb74c0d,True,structure_no_vcp,FasterGSFusedRapid,560991.0,23000,0.16296550536002868,run_01,room,thesis_ablation_structure_no_vcp_matched_23k_9scenes_r1,104.576025,6.002737522125244,167.6671653480007
29.369042269388835,0.9223637402057647,3b1f06893c167645acec3fcf64c39adfabb74c0d,True,structure_no_vcp,FasterGSFusedRapid,476015.0,23000,0.16236507371068,run_01,counter,thesis_ablation_structure_no_vcp_matched_23k_9scenes_r1,111.952981,4.823880195617676,169.0401119950002
32.18254312787737,0.9407706533159529,3b1f06893c167645acec3fcf64c39adfabb74c0d,True,structure_no_vcp,FasterGSFusedRapid,1266513.0,23000,0.09656170957854816,run_01,kitchen,thesis_ablation_structure_no_vcp_matched_23k_9scenes_r1,200.313448,6.479719638824463,263.94690922600057
32.5120126878893,0.9542695138905499,3b1f06893c167645acec3fcf64c39adfabb74c0d,True,structure_no_vcp,FasterGSFusedRapid,960486.0,23000,0.13529138528817408,run_01,bonsai,thesis_ablation_structure_no_vcp_matched_23k_9scenes_r1,139.262964,6.050713062286377,202.71934453300128
25.830331802368164,0.777307813167572,3b1f06893c167645acec3fcf64c39adfabb74c0d,True,structure_no_score_gate,FasterGSFusedRapid,2373436.0,23000,0.21677172541618348,run_01,bicycle,thesis_ablation_structure_no_score_gate_matched_23k_9scenes_r1,200.134068,6.26810359954834,256.06700053500026
22.236139210787687,0.621703334830024,3b1f06893c167645acec3fcf64c39adfabb74c0d,True,structure_no_score_gate,FasterGSFusedRapid,1657598.0,23000,0.32945236699147656,run_01,flowers,thesis_ablation_structure_no_score_gate_matched_23k_9scenes_r1,175.06429400000002,5.105797290802002,222.02738570300062
27.832657257715862,0.8702907810608546,3b1f06893c167645acec3fcf64c39adfabb74c0d,True,structure_no_score_gate,FasterGSFusedRapid,3903215.0,23000,0.10780159880717595,run_01,garden,thesis_ablation_structure_no_score_gate_matched_23k_9scenes_r1,343.644001,8.329026699066162,396.04243069899894
27.449517726898193,0.7984867580235004,3b1f06893c167645acec3fcf64c39adfabb74c0d,True,structure_no_score_gate,FasterGSFusedRapid,1731605.0,23000,0.22078938130289316,run_01,stump,thesis_ablation_structure_no_score_gate_matched_23k_9scenes_r1,161.446618,4.288290023803711,206.07101920499917
23.36582152048747,0.661013275384903,3b1f06893c167645acec3fcf64c39adfabb74c0d,True,structure_no_score_gate,FasterGSFusedRapid,1436749.0,23000,0.35012931128342945,run_01,treehill,thesis_ablation_structure_no_score_gate_matched_23k_9scenes_r1,148.506031,4.324797630310059,193.883548728998
31.650100903633312,0.9360705430691059,3b1f06893c167645acec3fcf64c39adfabb74c0d,True,structure_no_score_gate,FasterGSFusedRapid,956717.0,23000,0.15998361928340715,run_01,room,thesis_ablation_structure_no_score_gate_matched_23k_9scenes_r1,138.031355,6.810358047485352,202.15274710700032
29.24000295003255,0.9230407476425171,3b1f06893c167645acec3fcf64c39adfabb74c0d,True,structure_no_score_gate,FasterGSFusedRapid,752393.0,23000,0.15783404906590778,run_01,counter,thesis_ablation_structure_no_score_gate_matched_23k_9scenes_r1,134.49150500000002,5.267178058624268,191.40729446699697
32.17504043579102,0.9414520229612078,3b1f06893c167645acec3fcf64c39adfabb74c0d,True,structure_no_score_gate,FasterGSFusedRapid,1851976.0,23000,0.09577071751867022,run_01,kitchen,thesis_ablation_structure_no_score_gate_matched_23k_9scenes_r1,275.932048,8.685039520263672,340.7482222489998
32.03145119950578,0.9495688741271561,3b1f06893c167645acec3fcf64c39adfabb74c0d,True,structure_no_score_gate,FasterGSFusedRapid,1681498.0,23000,0.13473542014489304,run_01,bonsai,thesis_ablation_structure_no_score_gate_matched_23k_9scenes_r1,212.367402,8.070674896240234,277.0816375619979
25.802706146240233,0.777109124660492,3b1f06893c167645acec3fcf64c39adfabb74c0d,True,structure_gradient_only,FasterGSFusedRapid,2692636.0,23000,0.21714599907398224,run_01,bicycle,thesis_ablation_structure_gradient_only_matched_23k_9scenes_r1,204.410611,6.232748508453369,259.69136928199805
22.21414210579612,0.621136723594232,3b1f06893c167645acec3fcf64c39adfabb74c0d,True,structure_gradient_only,FasterGSFusedRapid,1941590.0,23000,0.3276894458315589,run_01,flowers,thesis_ablation_structure_gradient_only_matched_23k_9scenes_r1,179.276214,5.095800876617432,227.04246787800002
27.79790385564168,0.8713205854098002,3b1f06893c167645acec3fcf64c39adfabb74c0d,True,structure_gradient_only,FasterGSFusedRapid,4590338.0,23000,0.10547936086853345,run_01,garden,thesis_ablation_structure_gradient_only_matched_23k_9scenes_r1,353.532244,8.333007335662842,406.06135759000244
27.4245023727417,0.7979215681552887,3b1f06893c167645acec3fcf64c39adfabb74c0d,True,structure_gradient_only,FasterGSFusedRapid,1993229.0,23000,0.22013822942972183,run_01,stump,thesis_ablation_structure_gradient_only_matched_23k_9scenes_r1,164.835541,4.291188716888428,209.59757644899946
23.386952082316082,0.6607215901215872,3b1f06893c167645acec3fcf64c39adfabb74c0d,True,structure_gradient_only,FasterGSFusedRapid,1762947.0,23000,0.34931620624330306,run_01,treehill,thesis_ablation_structure_gradient_only_matched_23k_9scenes_r1,154.42713099999997,4.35712194442749,200.44538480100164
31.93713716360239,0.939288487801185,3b1f06893c167645acec3fcf64c39adfabb74c0d,True,structure_gradient_only,FasterGSFusedRapid,1205216.0,23000,0.15790954881753677,run_01,room,thesis_ablation_structure_gradient_only_matched_23k_9scenes_r1,141.606988,6.788027763366699,206.10099566899953
29.29376049041748,0.9232137501239777,3b1f06893c167645acec3fcf64c39adfabb74c0d,True,structure_gradient_only,FasterGSFusedRapid,930250.0,23000,0.15713429649670918,run_01,counter,thesis_ablation_structure_gradient_only_matched_23k_9scenes_r1,138.101869,5.274646759033203,194.96173184500003
32.20212364196777,0.9409262895584106,3b1f06893c167645acec3fcf64c39adfabb74c0d,True,structure_gradient_only,FasterGSFusedRapid,2663475.0,23000,0.0959452047944069,run_01,kitchen,thesis_ablation_structure_gradient_only_matched_23k_9scenes_r1,289.238359,8.681783199310303,353.87931874999776
32.45696418349807,0.9557052705738995,3b1f06893c167645acec3fcf64c39adfabb74c0d,True,structure_gradient_only,FasterGSFusedRapid,2329730.0,23000,0.13131403822351145,run_01,bonsai,thesis_ablation_structure_gradient_only_matched_23k_9scenes_r1,220.209068,8.03164005279541,284.614420873997
25.700320892333984,0.7644831490516663,b70c4d7d266399eb79344e1a6a27fa908b1ce0a5,True,repeat4_rapidgs_compact100_score10,FasterGSFusedRapid,1503649.0,23000,0.24239703357219697,run_01,bicycle,fastergsfusedrapid_v0_4_60_fastgsbig_semantic_colmap_23k_9scenes_r4_paperlpipsonly,174.79412000000002,5.01791524887085,240.7854469169979
25.732175521850586,0.7652048873901367,b70c4d7d266399eb79344e1a6a27fa908b1ce0a5,True,repeat4_rapidgs_compact100_score10,FasterGSFusedRapid,1502437.0,23000,0.24256357669830322,run_02,bicycle,fastergsfusedrapid_v0_4_60_fastgsbig_semantic_colmap_23k_9scenes_r4_paperlpipsonly,171.459135,5.013794898986816,241.2972106829984
25.727293395996092,0.7658359026908874,b70c4d7d266399eb79344e1a6a27fa908b1ce0a5,True,repeat4_rapidgs_compact100_score10,FasterGSFusedRapid,1493690.0,23000,0.24182349264621736,run_03,bicycle,fastergsfusedrapid_v0_4_60_fastgsbig_semantic_colmap_23k_9scenes_r4_paperlpipsonly,174.136231,5.000457763671875,239.22599482600344
25.718122177124023,0.7647349214553834,b70c4d7d266399eb79344e1a6a27fa908b1ce0a5,True,repeat4_rapidgs_compact100_score10,FasterGSFusedRapid,1504270.0,23000,0.24288124680519105,run_04,bicycle,fastergsfusedrapid_v0_4_60_fastgsbig_semantic_colmap_23k_9scenes_r4_paperlpipsonly,169.855931,5.017600059509277,236.6424793460028
22.21910112554377,0.6191373250701211,b70c4d7d266399eb79344e1a6a27fa908b1ce0a5,True,repeat4_rapidgs_compact100_score10,FasterGSFusedRapid,1049443.0,23000,0.3366110324859619,run_01,flowers,fastergsfusedrapid_v0_4_60_fastgsbig_semantic_colmap_23k_9scenes_r4_paperlpipsonly,165.62621,4.167473316192627,226.63342687499244
22.23264321413907,0.618723450736566,b70c4d7d266399eb79344e1a6a27fa908b1ce0a5,True,repeat4_rapidgs_compact100_score10,FasterGSFusedRapid,1040626.0,23000,0.338339164853096,run_02,flowers,fastergsfusedrapid_v0_4_60_fastgsbig_semantic_colmap_23k_9scenes_r4_paperlpipsonly,155.332242,4.155945301055908,215.03024140899652
22.267195268110797,0.6194549798965454,b70c4d7d266399eb79344e1a6a27fa908b1ce0a5,True,repeat4_rapidgs_compact100_score10,FasterGSFusedRapid,1040598.0,23000,0.33906453170559625,run_03,flowers,fastergsfusedrapid_v0_4_60_fastgsbig_semantic_colmap_23k_9scenes_r4_paperlpipsonly,166.10361699999999,4.16110897064209,226.68462884699693
22.221257383173164,0.618635044856505,b70c4d7d266399eb79344e1a6a27fa908b1ce0a5,True,repeat4_rapidgs_compact100_score10,FasterGSFusedRapid,1053403.0,23000,0.33705826781012793,run_04,flowers,fastergsfusedrapid_v0_4_60_fastgsbig_semantic_colmap_23k_9scenes_r4_paperlpipsonly,156.210234,4.167855739593506,212.53141194999625
28.120494922002155,0.8718889951705933,b70c4d7d266399eb79344e1a6a27fa908b1ce0a5,True,repeat4_rapidgs_compact100_score10,FasterGSFusedRapid,2421104.0,23000,0.10820539388805628,run_01,garden,fastergsfusedrapid_v0_4_60_fastgsbig_semantic_colmap_23k_9scenes_r4_paperlpipsonly,274.308805,5.948535919189453,336.8393237160053
28.039321819941204,0.8711445505420367,b70c4d7d266399eb79344e1a6a27fa908b1ce0a5,True,repeat4_rapidgs_compact100_score10,FasterGSFusedRapid,2427567.0,23000,0.10864123453696568,run_02,garden,fastergsfusedrapid_v0_4_60_fastgsbig_semantic_colmap_23k_9scenes_r4_paperlpipsonly,272.233426,5.958853721618652,336.2207879070047
28.062005519866943,0.8711844359834989,b70c4d7d266399eb79344e1a6a27fa908b1ce0a5,True,repeat4_rapidgs_compact100_score10,FasterGSFusedRapid,2437714.0,23000,0.10818661904583375,run_03,garden,fastergsfusedrapid_v0_4_60_fastgsbig_semantic_colmap_23k_9scenes_r4_paperlpipsonly,275.241464,5.9816460609436035,337.2398124790052
28.10246141751607,0.8714890802899996,b70c4d7d266399eb79344e1a6a27fa908b1ce0a5,True,repeat4_rapidgs_compact100_score10,FasterGSFusedRapid,2455999.0,23000,0.10794085698823135,run_04,garden,fastergsfusedrapid_v0_4_60_fastgsbig_semantic_colmap_23k_9scenes_r4_paperlpipsonly,277.244039,5.985735893249512,340.241626514995
27.47472882270813,0.7940717525780201,b70c4d7d266399eb79344e1a6a27fa908b1ce0a5,True,repeat4_rapidgs_compact100_score10,FasterGSFusedRapid,1003062.0,23000,0.23716390784829855,run_01,stump,fastergsfusedrapid_v0_4_60_fastgsbig_semantic_colmap_23k_9scenes_r4_paperlpipsonly,136.281874,3.3311896324157715,191.91806381600327
27.385441303253174,0.7935931272804737,b70c4d7d266399eb79344e1a6a27fa908b1ce0a5,True,repeat4_rapidgs_compact100_score10,FasterGSFusedRapid,984178.0,23000,0.23805964272469282,run_02,stump,fastergsfusedrapid_v0_4_60_fastgsbig_semantic_colmap_23k_9scenes_r4_paperlpipsonly,138.185927,3.3143534660339355,191.74436378300015
27.44939386844635,0.7931956611573696,b70c4d7d266399eb79344e1a6a27fa908b1ce0a5,True,repeat4_rapidgs_compact100_score10,FasterGSFusedRapid,999873.0,23000,0.23835844174027443,run_03,stump,fastergsfusedrapid_v0_4_60_fastgsbig_semantic_colmap_23k_9scenes_r4_paperlpipsonly,135.589386,3.325468063354492,187.8381973899959
27.427387833595276,0.7936473600566387,b70c4d7d266399eb79344e1a6a27fa908b1ce0a5,True,repeat4_rapidgs_compact100_score10,FasterGSFusedRapid,1008138.0,23000,0.2369522312656045,run_04,stump,fastergsfusedrapid_v0_4_60_fastgsbig_semantic_colmap_23k_9scenes_r4_paperlpipsonly,141.529485,3.3339996337890625,198.40430115199706
23.312407811482746,0.6503831611739265,b70c4d7d266399eb79344e1a6a27fa908b1ce0a5,True,repeat4_rapidgs_compact100_score10,FasterGSFusedRapid,904706.0,23000,0.37754299574428135,run_01,treehill,fastergsfusedrapid_v0_4_60_fastgsbig_semantic_colmap_23k_9scenes_r4_paperlpipsonly,135.266752,3.5035409927368164,190.88153136598703
23.330490854051376,0.6512733300526937,b70c4d7d266399eb79344e1a6a27fa908b1ce0a5,True,repeat4_rapidgs_compact100_score10,FasterGSFusedRapid,918242.0,23000,0.37571486002869076,run_02,treehill,fastergsfusedrapid_v0_4_60_fastgsbig_semantic_colmap_23k_9scenes_r4_paperlpipsonly,134.87586,3.510011672973633,193.5239291559992
23.38390562269423,0.650400655137168,b70c4d7d266399eb79344e1a6a27fa908b1ce0a5,True,repeat4_rapidgs_compact100_score10,FasterGSFusedRapid,923246.0,23000,0.3772836360666487,run_03,treehill,fastergsfusedrapid_v0_4_60_fastgsbig_semantic_colmap_23k_9scenes_r4_paperlpipsonly,139.778788,3.512216091156006,196.88971447999938
23.405125617980957,0.6519903805520799,b70c4d7d266399eb79344e1a6a27fa908b1ce0a5,True,repeat4_rapidgs_compact100_score10,FasterGSFusedRapid,911740.0,23000,0.37622302439477706,run_04,treehill,fastergsfusedrapid_v0_4_60_fastgsbig_semantic_colmap_23k_9scenes_r4_paperlpipsonly,131.48822,3.5046887397766113,185.6384050899942
32.49704316946176,0.9394766856462528,b70c4d7d266399eb79344e1a6a27fa908b1ce0a5,True,repeat4_rapidgs_compact100_score10,FasterGSFusedRapid,519779.0,23000,0.16507219179318502,run_01,room,fastergsfusedrapid_v0_4_60_fastgsbig_semantic_colmap_23k_9scenes_r4_paperlpipsonly,126.976147,6.083523750305176,202.10244484900613
32.454364629892204,0.9391979926671737,b70c4d7d266399eb79344e1a6a27fa908b1ce0a5,True,repeat4_rapidgs_compact100_score10,FasterGSFusedRapid,520641.0,23000,0.16525030460877296,run_02,room,fastergsfusedrapid_v0_4_60_fastgsbig_semantic_colmap_23k_9scenes_r4_paperlpipsonly,123.65481600000001,6.0770344734191895,197.15228517499054
32.38898296845265,0.9391626211313101,b70c4d7d266399eb79344e1a6a27fa908b1ce0a5,True,repeat4_rapidgs_compact100_score10,FasterGSFusedRapid,518236.0,23000,0.16546678371154344,run_03,room,fastergsfusedrapid_v0_4_60_fastgsbig_semantic_colmap_23k_9scenes_r4_paperlpipsonly,121.80410400000001,6.076728820800781,196.6161131229892
32.368826352632965,0.9391118502005552,b70c4d7d266399eb79344e1a6a27fa908b1ce0a5,True,repeat4_rapidgs_compact100_score10,FasterGSFusedRapid,520445.0,23000,0.16550847123830748,run_04,room,fastergsfusedrapid_v0_4_60_fastgsbig_semantic_colmap_23k_9scenes_r4_paperlpipsonly,127.030133,6.08183479309082,202.8844133120001
29.389373143513996,0.9222865680853526,b70c4d7d266399eb79344e1a6a27fa908b1ce0a5,True,repeat4_rapidgs_compact100_score10,FasterGSFusedRapid,435296.0,23000,0.1636432498693466,run_01,counter,fastergsfusedrapid_v0_4_60_fastgsbig_semantic_colmap_23k_9scenes_r4_paperlpipsonly,130.315084,4.894052028656006,196.9384576420125
29.426207733154296,0.9223664780457814,b70c4d7d266399eb79344e1a6a27fa908b1ce0a5,True,repeat4_rapidgs_compact100_score10,FasterGSFusedRapid,435705.0,23000,0.16371534342567126,run_02,counter,fastergsfusedrapid_v0_4_60_fastgsbig_semantic_colmap_23k_9scenes_r4_paperlpipsonly,130.78033399999998,4.897341728210449,197.64350974599074
29.33586819966634,0.9219253957271576,b70c4d7d266399eb79344e1a6a27fa908b1ce0a5,True,repeat4_rapidgs_compact100_score10,FasterGSFusedRapid,435598.0,23000,0.1640017919242382,run_03,counter,fastergsfusedrapid_v0_4_60_fastgsbig_semantic_colmap_23k_9scenes_r4_paperlpipsonly,129.83808000000002,4.895906925201416,194.83929773399723
29.375012143452963,0.9222621182600658,b70c4d7d266399eb79344e1a6a27fa908b1ce0a5,True,repeat4_rapidgs_compact100_score10,FasterGSFusedRapid,435663.0,23000,0.1633697673678398,run_04,counter,fastergsfusedrapid_v0_4_60_fastgsbig_semantic_colmap_23k_9scenes_r4_paperlpipsonly,127.29179400000001,4.897472381591797,190.4755124499934
32.25241301400321,0.9411481516701835,b70c4d7d266399eb79344e1a6a27fa908b1ce0a5,True,repeat4_rapidgs_compact100_score10,FasterGSFusedRapid,1107898.0,23000,0.09708621299692563,run_01,kitchen,fastergsfusedrapid_v0_4_60_fastgsbig_semantic_colmap_23k_9scenes_r4_paperlpipsonly,224.530409,6.640160083770752,298.12438668300456
32.14627069745745,0.9403346078736442,b70c4d7d266399eb79344e1a6a27fa908b1ce0a5,True,repeat4_rapidgs_compact100_score10,FasterGSFusedRapid,1113987.0,23000,0.09777610940592629,run_02,kitchen,fastergsfusedrapid_v0_4_60_fastgsbig_semantic_colmap_23k_9scenes_r4_paperlpipsonly,223.681492,6.639740467071533,299.2356112800044
32.13976473127093,0.9409286141395569,b70c4d7d266399eb79344e1a6a27fa908b1ce0a5,True,repeat4_rapidgs_compact100_score10,FasterGSFusedRapid,1104016.0,23000,0.09821864025933402,run_03,kitchen,fastergsfusedrapid_v0_4_60_fastgsbig_semantic_colmap_23k_9scenes_r4_paperlpipsonly,221.091573,6.654872894287109,295.5567486509972
32.20759560721261,0.9404609799385071,b70c4d7d266399eb79344e1a6a27fa908b1ce0a5,True,repeat4_rapidgs_compact100_score10,FasterGSFusedRapid,1104093.0,23000,0.09720567262598447,run_04,kitchen,fastergsfusedrapid_v0_4_60_fastgsbig_semantic_colmap_23k_9scenes_r4_paperlpipsonly,222.328959,6.64125394821167,297.10698228600086
32.38563537597656,0.9516664163486378,b70c4d7d266399eb79344e1a6a27fa908b1ce0a5,True,repeat4_rapidgs_compact100_score10,FasterGSFusedRapid,810048.0,23000,0.13712767471332807,run_01,bonsai,fastergsfusedrapid_v0_4_60_fastgsbig_semantic_colmap_23k_9scenes_r4_paperlpipsonly,156.324927,6.153659343719482,228.83450211500167
32.600751670631205,0.9559688519787144,b70c4d7d266399eb79344e1a6a27fa908b1ce0a5,True,repeat4_rapidgs_compact100_score10,FasterGSFusedRapid,812743.0,23000,0.1367005160128748,run_02,bonsai,fastergsfusedrapid_v0_4_60_fastgsbig_semantic_colmap_23k_9scenes_r4_paperlpipsonly,158.006447,6.151947975158691,229.59168715499982
32.27724075317383,0.9504989981651306,b70c4d7d266399eb79344e1a6a27fa908b1ce0a5,True,repeat4_rapidgs_compact100_score10,FasterGSFusedRapid,816247.0,23000,0.13700741187140747,run_03,bonsai,fastergsfusedrapid_v0_4_60_fastgsbig_semantic_colmap_23k_9scenes_r4_paperlpipsonly,156.789071,6.159213066101074,229.86264699300227
32.34846460497057,0.9508319674311457,b70c4d7d266399eb79344e1a6a27fa908b1ce0a5,True,repeat4_rapidgs_compact100_score10,FasterGSFusedRapid,813226.0,23000,0.13710128737462535,run_04,bonsai,fastergsfusedrapid_v0_4_60_fastgsbig_semantic_colmap_23k_9scenes_r4_paperlpipsonly,158.379164,6.146183967590332,232.4789887730003
25.678880310058595,0.7639297485351563,dc6eb7cadb30f6ddeb67a49e7ee3ba2ba6412a0d,True,legacy_structure_no_vcp_compact100_score10,FasterGSFusedRapid,1614200.0,23000,0.2427151083946228,run_01,bicycle,fastergsfusedrapid_ablation_b1_no_vcp_23k_9scenes_r1,167.755084,4.999882221221924,233.68090964999283
22.20626146143133,0.6182353523644534,dc6eb7cadb30f6ddeb67a49e7ee3ba2ba6412a0d,True,legacy_structure_no_vcp_compact100_score10,FasterGSFusedRapid,1141421.0,23000,0.33464663001624023,run_01,flowers,fastergsfusedrapid_ablation_b1_no_vcp_23k_9scenes_r1,156.862445,4.171291828155518,213.40920463600196
28.074578523635864,0.8714614932735761,dc6eb7cadb30f6ddeb67a49e7ee3ba2ba6412a0d,True,legacy_structure_no_vcp_compact100_score10,FasterGSFusedRapid,2641672.0,23000,0.10742645990103483,run_01,garden,fastergsfusedrapid_ablation_b1_no_vcp_23k_9scenes_r1,269.54047099999997,5.954817771911621,328.1416748010088
27.40394687652588,0.7924246154725552,dc6eb7cadb30f6ddeb67a49e7ee3ba2ba6412a0d,True,legacy_structure_no_vcp_compact100_score10,FasterGSFusedRapid,1101279.0,23000,0.2372542778030038,run_01,stump,fastergsfusedrapid_ablation_b1_no_vcp_23k_9scenes_r1,133.320473,3.328514575958252,185.90949955499673
23.389639112684463,0.6511609686745538,dc6eb7cadb30f6ddeb67a49e7ee3ba2ba6412a0d,True,legacy_structure_no_vcp_compact100_score10,FasterGSFusedRapid,1027728.0,23000,0.37619971732298535,run_01,treehill,fastergsfusedrapid_ablation_b1_no_vcp_23k_9scenes_r1,132.630961,3.5028481483459473,186.06791377199988
32.39348773467235,0.9394096823839041,dc6eb7cadb30f6ddeb67a49e7ee3ba2ba6412a0d,True,legacy_structure_no_vcp_compact100_score10,FasterGSFusedRapid,598674.0,23000,0.1642369671891897,run_01,room,fastergsfusedrapid_ablation_b1_no_vcp_23k_9scenes_r1,123.45585399999999,6.090320110321045,198.41996545701113
29.37689272562663,0.9223002612590789,dc6eb7cadb30f6ddeb67a49e7ee3ba2ba6412a0d,True,legacy_structure_no_vcp_compact100_score10,FasterGSFusedRapid,487077.0,23000,0.16265653744339942,run_01,counter,fastergsfusedrapid_ablation_b1_no_vcp_23k_9scenes_r1,131.975249,4.895202159881592,197.90461186099856
32.31365203857422,0.9415685210909163,dc6eb7cadb30f6ddeb67a49e7ee3ba2ba6412a0d,True,legacy_structure_no_vcp_compact100_score10,FasterGSFusedRapid,1303684.0,23000,0.09684993986572538,run_01,kitchen,fastergsfusedrapid_ablation_b1_no_vcp_23k_9scenes_r1,228.61456400000003,6.658049583435059,304.2611457769963
32.71667413453798,0.9546749205202669,dc6eb7cadb30f6ddeb67a49e7ee3ba2ba6412a0d,True,legacy_structure_no_vcp_compact100_score10,FasterGSFusedRapid,985023.0,23000,0.1350173056125641,run_01,bonsai,fastergsfusedrapid_ablation_b1_no_vcp_23k_9scenes_r1,158.49430999999998,6.185872554779053,232.37090239599638
25.8269580078125,0.7776605343818664,e990b62e6a1b5b36191853ca068799b6bc78c08b,True,legacy_structure_no_score_gate_compact100_score10,FasterGSFusedRapid,2341465.0,23000,0.21724565982818603,run_01,bicycle,fastergsfusedrapid_ablation_b3_no_score_gate_23k_9scenes_r1,212.88376,6.2147698402404785,276.1945406409941
22.206464420665394,0.6216277155009183,e990b62e6a1b5b36191853ca068799b6bc78c08b,True,legacy_structure_no_score_gate_compact100_score10,FasterGSFusedRapid,1637223.0,23000,0.3296762312000448,run_01,flowers,fastergsfusedrapid_ablation_b3_no_score_gate_23k_9scenes_r1,189.23855700000001,5.07098913192749,245.21082997199846
27.973256985346477,0.87167739123106,e990b62e6a1b5b36191853ca068799b6bc78c08b,True,legacy_structure_no_score_gate_compact100_score10,FasterGSFusedRapid,3891069.0,23000,0.10588254903753598,run_01,garden,fastergsfusedrapid_ablation_b3_no_score_gate_23k_9scenes_r1,361.86143100000004,8.303022861480713,422.5504057520011
27.39630913734436,0.7985067032277584,e990b62e6a1b5b36191853ca068799b6bc78c08b,True,legacy_structure_no_score_gate_compact100_score10,FasterGSFusedRapid,1703910.0,23000,0.2208077237010002,run_01,stump,fastergsfusedrapid_ablation_b3_no_score_gate_23k_9scenes_r1,173.58159899999998,4.269935607910156,225.37306796500343
23.447015020582413,0.6619016428788503,e990b62e6a1b5b36191853ca068799b6bc78c08b,True,legacy_structure_no_score_gate_compact100_score10,FasterGSFusedRapid,1456089.0,23000,0.35031301114294267,run_01,treehill,fastergsfusedrapid_ablation_b3_no_score_gate_23k_9scenes_r1,163.04603600000002,4.355921745300293,215.40096121099486
32.101743111243614,0.9397335740236136,e990b62e6a1b5b36191853ca068799b6bc78c08b,True,legacy_structure_no_score_gate_compact100_score10,FasterGSFusedRapid,942213.0,23000,0.15783310796205813,run_01,room,fastergsfusedrapid_ablation_b3_no_score_gate_23k_9scenes_r1,152.7256,6.769612789154053,226.57723421799892
29.21281973520915,0.9229516685009003,e990b62e6a1b5b36191853ca068799b6bc78c08b,True,legacy_structure_no_score_gate_compact100_score10,FasterGSFusedRapid,746508.0,23000,0.15828792427976926,run_01,counter,fastergsfusedrapid_ablation_b3_no_score_gate_23k_9scenes_r1,151.869835,5.311694145202637,215.64527258799353
31.63357184273856,0.9387458000864302,e990b62e6a1b5b36191853ca068799b6bc78c08b,True,legacy_structure_no_score_gate_compact100_score10,FasterGSFusedRapid,1882908.0,23000,0.09988748282194138,run_01,kitchen,fastergsfusedrapid_ablation_b3_no_score_gate_23k_9scenes_r1,297.604362,8.675063133239746,370.64585370499117
32.31006044954867,0.9504616131653657,e990b62e6a1b5b36191853ca068799b6bc78c08b,True,legacy_structure_no_score_gate_compact100_score10,FasterGSFusedRapid,1654330.0,23000,0.13336166538096764,run_01,bonsai,fastergsfusedrapid_ablation_b3_no_score_gate_23k_9scenes_r1,224.603519,7.920129299163818,299.13186348399904
25.835190505981444,0.7772059178352356,e990b62e6a1b5b36191853ca068799b6bc78c08b,True,legacy_structure_gradient_only_compact100_score10,FasterGSFusedRapid,2699936.0,23000,0.21740140736103059,run_01,bicycle,fastergsfusedrapid_ablation_b4_gradient_only_23k_9scenes_r1,219.74595699999998,6.243332386016846,282.92571662701084
22.221702402288262,0.620739842003042,e990b62e6a1b5b36191853ca068799b6bc78c08b,True,legacy_structure_gradient_only_compact100_score10,FasterGSFusedRapid,1955451.0,23000,0.32806509597734973,run_01,flowers,fastergsfusedrapid_ablation_b4_gradient_only_23k_9scenes_r1,195.461134,5.099293231964111,250.35075653799868
27.69013174374898,0.8707121883829435,e990b62e6a1b5b36191853ca068799b6bc78c08b,True,legacy_structure_gradient_only_compact100_score10,FasterGSFusedRapid,4578701.0,23000,0.10528479795902967,run_01,garden,fastergsfusedrapid_ablation_b4_gradient_only_23k_9scenes_r1,371.96778500000005,8.343754768371582,431.5216233310057
27.335737466812134,0.7971028499305248,e990b62e6a1b5b36191853ca068799b6bc78c08b,True,legacy_structure_gradient_only_compact100_score10,FasterGSFusedRapid,1974140.0,23000,0.22109181061387062,run_01,stump,fastergsfusedrapid_ablation_b4_gradient_only_23k_9scenes_r1,176.81744700000002,4.270415782928467,226.7230410810007
23.426420211791992,0.6617834501796298,e990b62e6a1b5b36191853ca068799b6bc78c08b,True,legacy_structure_gradient_only_compact100_score10,FasterGSFusedRapid,1723219.0,23000,0.34859133428997463,run_01,treehill,fastergsfusedrapid_ablation_b4_gradient_only_23k_9scenes_r1,166.788039,4.310279846191406,218.5788399830053
31.91019385900253,0.939505812449333,e990b62e6a1b5b36191853ca068799b6bc78c08b,True,legacy_structure_gradient_only_compact100_score10,FasterGSFusedRapid,1198317.0,23000,0.1570648186099835,run_01,room,fastergsfusedrapid_ablation_b4_gradient_only_23k_9scenes_r1,155.892156,6.787599086761475,226.97829789300158
29.179287338256835,0.9224987725416819,e990b62e6a1b5b36191853ca068799b6bc78c08b,True,legacy_structure_gradient_only_compact100_score10,FasterGSFusedRapid,927454.0,23000,0.1586702769001325,run_01,counter,fastergsfusedrapid_ablation_b4_gradient_only_23k_9scenes_r1,154.177517,5.321031093597412,220.0784773230116
31.803787612915038,0.9393895302500044,e990b62e6a1b5b36191853ca068799b6bc78c08b,True,legacy_structure_gradient_only_compact100_score10,FasterGSFusedRapid,2709486.0,23000,0.09770578646234103,run_01,kitchen,fastergsfusedrapid_ablation_b4_gradient_only_23k_9scenes_r1,311.404804,8.658834457397461,386.7914629930019
32.47860078553896,0.9553516700461104,e990b62e6a1b5b36191853ca068799b6bc78c08b,True,legacy_structure_gradient_only_compact100_score10,FasterGSFusedRapid,2230893.0,23000,0.13116788239897909,run_01,bonsai,fastergsfusedrapid_ablation_b4_gradient_only_23k_9scenes_r1,232.670006,7.864448547363281,305.8853611670056
25.728479690551758,0.7657078003883362,274fe5c108db4edaf31836ae2469e9324e2a8392,True,schedule_27k,FasterGSFusedRapid,1481436.0,27000,0.2397140371799469,run_01,bicycle,fastergsfusedrapid_v0_4_48_fastgsbig_semantic_colmap_27k_9scenes_r1,188.069222,5.01167106628418,258.0959092689991
22.29896796833385,0.6237929842688821,274fe5c108db4edaf31836ae2469e9324e2a8392,True,schedule_27k,FasterGSFusedRapid,1045339.0,27000,0.3333954187956723,run_01,flowers,fastergsfusedrapid_v0_4_48_fastgsbig_semantic_colmap_27k_9scenes_r1,172.999682,4.176605701446533,230.85375094699702
28.112045447031658,0.872038242717584,274fe5c108db4edaf31836ae2469e9324e2a8392,True,schedule_27k,FasterGSFusedRapid,2453647.0,27000,0.1069368664175272,run_01,garden,fastergsfusedrapid_v0_4_48_fastgsbig_semantic_colmap_27k_9scenes_r1,308.02139400000004,6.065359115600586,368.5203692130017
27.37873613834381,0.7945237644016743,274fe5c108db4edaf31836ae2469e9324e2a8392,True,schedule_27k,FasterGSFusedRapid,1004197.0,27000,0.2342174295336008,run_01,stump,fastergsfusedrapid_v0_4_48_fastgsbig_semantic_colmap_27k_9scenes_r1,150.108134,3.3511881828308105,202.23995222599842
23.330311987135147,0.6539990405241648,274fe5c108db4edaf31836ae2469e9324e2a8392,True,schedule_27k,FasterGSFusedRapid,943022.0,27000,0.36825164490275913,run_01,treehill,fastergsfusedrapid_v0_4_48_fastgsbig_semantic_colmap_27k_9scenes_r1,149.292305,3.550868034362793,202.7445767019999
32.33948198954264,0.9372778076391953,274fe5c108db4edaf31836ae2469e9324e2a8392,True,schedule_27k,FasterGSFusedRapid,510305.0,27000,0.16547738493253022,run_01,room,fastergsfusedrapid_v0_4_48_fastgsbig_semantic_colmap_27k_9scenes_r1,137.293637,6.086603164672852,212.24606135000067
29.395857048034667,0.9224687238534292,274fe5c108db4edaf31836ae2469e9324e2a8392,True,schedule_27k,FasterGSFusedRapid,432025.0,27000,0.1615895075102647,run_01,counter,fastergsfusedrapid_v0_4_48_fastgsbig_semantic_colmap_27k_9scenes_r1,144.701669,4.911856651306152,212.40238932399734
32.36246762956892,0.9404917274202619,274fe5c108db4edaf31836ae2469e9324e2a8392,True,schedule_27k,FasterGSFusedRapid,1085487.0,27000,0.09663985009704318,run_01,kitchen,fastergsfusedrapid_v0_4_48_fastgsbig_semantic_colmap_27k_9scenes_r1,253.691156,6.733647346496582,328.1594016249983
32.448291005315006,0.9498602296854999,274fe5c108db4edaf31836ae2469e9324e2a8392,True,schedule_27k,FasterGSFusedRapid,775843.0,27000,0.13639459034075607,run_01,bonsai,fastergsfusedrapid_v0_4_48_fastgsbig_semantic_colmap_27k_9scenes_r1,174.11194600000002,6.157503128051758,248.28465848900305
25.713544692993164,0.7651690816879273,274fe5c108db4edaf31836ae2469e9324e2a8392,True,schedule_25k,FasterGSFusedRapid,1491124.0,25000,0.2415195780992508,run_01,bicycle,fastergsfusedrapid_v0_4_49_fastgsbig_semantic_colmap_25k_9scenes_r1,177.10938600000003,5.019773483276367,243.23876057300004
22.25573322989724,0.6206034638664939,274fe5c108db4edaf31836ae2469e9324e2a8392,True,schedule_25k,FasterGSFusedRapid,1048144.0,25000,0.33456908843734046,run_01,flowers,fastergsfusedrapid_v0_4_49_fastgsbig_semantic_colmap_25k_9scenes_r1,162.557943,4.175914764404297,219.36738650200277
28.01849102973938,0.8715940664211909,274fe5c108db4edaf31836ae2469e9324e2a8392,True,schedule_25k,FasterGSFusedRapid,2440884.0,25000,0.1075989908228318,run_01,garden,fastergsfusedrapid_v0_4_49_fastgsbig_semantic_colmap_25k_9scenes_r1,285.186186,6.022337913513184,344.68623138399926
27.341023087501526,0.7924015894532204,274fe5c108db4edaf31836ae2469e9324e2a8392,True,schedule_25k,FasterGSFusedRapid,994000.0,25000,0.2370428266003728,run_01,stump,fastergsfusedrapid_v0_4_49_fastgsbig_semantic_colmap_25k_9scenes_r1,139.978665,3.3335700035095215,193.70076147400323
23.418343438042534,0.6526083681318495,274fe5c108db4edaf31836ae2469e9324e2a8392,True,schedule_25k,FasterGSFusedRapid,926963.0,25000,0.37300613356961143,run_01,treehill,fastergsfusedrapid_v0_4_49_fastgsbig_semantic_colmap_25k_9scenes_r1,139.867827,3.5305066108703613,192.8355654549996
32.41247049967448,0.9390478271704453,274fe5c108db4edaf31836ae2469e9324e2a8392,True,schedule_25k,FasterGSFusedRapid,517872.0,25000,0.1650979574292134,run_01,room,fastergsfusedrapid_v0_4_49_fastgsbig_semantic_colmap_25k_9scenes_r1,128.709012,6.088296890258789,203.25252420700053
29.394540532430014,0.9226999044418335,274fe5c108db4edaf31836ae2469e9324e2a8392,True,schedule_25k,FasterGSFusedRapid,434067.0,25000,0.16263387004534405,run_01,counter,fastergsfusedrapid_v0_4_49_fastgsbig_semantic_colmap_25k_9scenes_r1,135.523969,4.906369686126709,200.71164274999683
31.62008214678083,0.939091682434082,274fe5c108db4edaf31836ae2469e9324e2a8392,True,schedule_25k,FasterGSFusedRapid,1101895.0,25000,0.0985967395561082,run_01,kitchen,fastergsfusedrapid_v0_4_49_fastgsbig_semantic_colmap_25k_9scenes_r1,237.400966,6.698997974395752,311.8671426159999
32.639055561374974,0.9557375054101687,274fe5c108db4edaf31836ae2469e9324e2a8392,True,schedule_25k,FasterGSFusedRapid,799110.0,25000,0.13622079910458745,run_01,bonsai,fastergsfusedrapid_v0_4_49_fastgsbig_semantic_colmap_25k_9scenes_r1,165.94926099999998,6.1672163009643555,241.36111230000097
25.716389083862303,0.7667188978195191,unknown,False,schedule_23k,FasterGSFusedRapid,1516882.0,23000,0.24002885580062866,run_01,bicycle,fastergsfusedrapid_ablation_23k_compact075_score5_9scenes_r1,155.380119,5.045742511749268,218.67438673001016
22.244443806734953,0.6178217354145917,unknown,False,schedule_23k,FasterGSFusedRapid,1062508.0,23000,0.3406044298952276,run_01,flowers,fastergsfusedrapid_ablation_23k_compact075_score5_9scenes_r1,142.118647,4.144435882568359,197.6390714070003
28.073960781097412,0.8721958870689074,unknown,False,schedule_23k,FasterGSFusedRapid,2548500.0,23000,0.10738229565322399,run_01,garden,fastergsfusedrapid_ablation_23k_compact075_score5_9scenes_r1,258.814265,6.070546627044678,317.86165280500427
27.39512038230896,0.7936108745634556,unknown,False,schedule_23k,FasterGSFusedRapid,954847.0,23000,0.23730195499956608,run_01,stump,fastergsfusedrapid_ablation_23k_compact075_score5_9scenes_r1,120.410765,3.2585644721984863,172.2094738339947
23.411558892991806,0.6517076657878028,unknown,False,schedule_23k,FasterGSFusedRapid,881559.0,23000,0.37750723792446983,run_01,treehill,fastergsfusedrapid_ablation_23k_compact075_score5_9scenes_r1,118.57914500000001,3.458509922027588,169.9851179360121
32.43264975914588,0.9395480675575061,unknown,False,schedule_23k,FasterGSFusedRapid,498614.0,23000,0.1644583801046396,run_01,room,fastergsfusedrapid_ablation_23k_compact075_score5_9scenes_r1,111.00283300000001,5.998513698577881,183.8145209250215
29.332301394144693,0.921984201669693,unknown,False,schedule_23k,FasterGSFusedRapid,428726.0,23000,0.1637626218299071,run_01,counter,fastergsfusedrapid_ablation_23k_compact075_score5_9scenes_r1,117.88529399999999,4.824419021606445,182.05499913700623
32.214867619105746,0.9411201817648751,unknown,False,schedule_23k,FasterGSFusedRapid,1077889.0,23000,0.09712321162223816,run_01,kitchen,fastergsfusedrapid_ablation_23k_compact075_score5_9scenes_r1,204.557879,6.476202487945557,277.62080701900413
32.606300869503535,0.9555259798024152,unknown,False,schedule_23k,FasterGSFusedRapid,806984.0,23000,0.13720615369242592,run_01,bonsai,fastergsfusedrapid_ablation_23k_compact075_score5_9scenes_r1,143.445618,6.051477909088135,215.6020194730081
25.698704986572267,0.7642185139656067,unknown,False,schedule_22k,FasterGSFusedRapid,1488184.0,22000,0.24346157789230347,run_01,bicycle,fastergsfusedrapid_v0_4_54_fastgsbig_semantic_colmap_22k_9scenes_r1,156.84676199999998,4.9984917640686035,220.01962064497638
22.249771118164062,0.6176871196790175,unknown,False,schedule_22k,FasterGSFusedRapid,1032369.0,22000,0.34060984578999604,run_01,flowers,fastergsfusedrapid_v0_4_54_fastgsbig_semantic_colmap_22k_9scenes_r1,145.194205,4.159104824066162,199.9011916439922
27.767485857009888,0.866852417588234,unknown,False,schedule_22k,FasterGSFusedRapid,2402336.0,22000,0.11143527552485466,run_01,garden,fastergsfusedrapid_v0_4_54_fastgsbig_semantic_colmap_22k_9scenes_r1,254.80791,5.913628101348877,313.5450135740102
27.408053755760193,0.7921152822673321,unknown,False,schedule_22k,FasterGSFusedRapid,974726.0,22000,0.2390092322602868,run_01,stump,fastergsfusedrapid_v0_4_54_fastgsbig_semantic_colmap_22k_9scenes_r1,126.258174,3.306060314178467,178.72020606300794
23.357754919264053,0.6496624648571014,unknown,False,schedule_22k,FasterGSFusedRapid,908840.0,22000,0.3802751964992947,run_01,treehill,fastergsfusedrapid_v0_4_54_fastgsbig_semantic_colmap_22k_9scenes_r1,124.089573,3.5011701583862305,176.3062579589896
32.347419396424904,0.9386910230685503,unknown,False,schedule_22k,FasterGSFusedRapid,517791.0,22000,0.16664191029774836,run_01,room,fastergsfusedrapid_v0_4_54_fastgsbig_semantic_colmap_22k_9scenes_r1,118.960873,6.075779914855957,192.21069921299932
29.292769114176433,0.9217262148857117,unknown,False,schedule_22k,FasterGSFusedRapid,434253.0,22000,0.16441431666413944,run_01,counter,fastergsfusedrapid_v0_4_54_fastgsbig_semantic_colmap_22k_9scenes_r1,124.914524,4.891407489776611,189.8259873460047
32.151982934134345,0.9404149498258318,unknown,False,schedule_22k,FasterGSFusedRapid,1111838.0,22000,0.09814238484416689,run_01,kitchen,fastergsfusedrapid_v0_4_54_fastgsbig_semantic_colmap_22k_9scenes_r1,214.322965,6.631024360656738,287.20379595900886
32.28890656136178,0.9474952623650834,unknown,False,schedule_22k,FasterGSFusedRapid,807418.0,22000,0.13797702016057195,run_01,bonsai,fastergsfusedrapid_v0_4_54_fastgsbig_semantic_colmap_22k_9scenes_r1,152.00251599999999,6.148971080780029,222.65719572699163
25.665493392944335,0.7629652428627014,e990b62e6a1b5b36191853ca068799b6bc78c08b,True,schedule_21k,FasterGSFusedRapid,1489546.0,21000,0.24601311564445497,run_01,bicycle,fastergsfusedrapid_ablation_c2_21k_9scenes_r4,151.248511,5.004884719848633,214.28328049200354
25.660724182128906,0.7630666851997375,e990b62e6a1b5b36191853ca068799b6bc78c08b,True,schedule_21k,FasterGSFusedRapid,1485911.0,21000,0.24398077309131622,run_02,bicycle,fastergsfusedrapid_ablation_c2_21k_9scenes_r4,151.80003999999997,4.995752811431885,213.73204935900867
25.655022506713866,0.7624389958381653,e990b62e6a1b5b36191853ca068799b6bc78c08b,True,schedule_21k,FasterGSFusedRapid,1498474.0,21000,0.24539508819580078,run_03,bicycle,fastergsfusedrapid_ablation_c2_21k_9scenes_r4,151.837489,5.017679214477539,215.4096632370056
25.68171920776367,0.7633588290214539,e990b62e6a1b5b36191853ca068799b6bc78c08b,True,schedule_21k,FasterGSFusedRapid,1493682.0,21000,0.24490601062774658,run_04,bicycle,fastergsfusedrapid_ablation_c2_21k_9scenes_r4,151.424223,5.007843017578125,214.00911854099832
22.203923312100496,0.6157972338524732,e990b62e6a1b5b36191853ca068799b6bc78c08b,True,schedule_21k,FasterGSFusedRapid,1033472.0,21000,0.34259728680957446,run_01,flowers,fastergsfusedrapid_ablation_c2_21k_9scenes_r4,138.366275,4.152378559112549,191.3574847830023
22.199910684065387,0.6161751489747654,e990b62e6a1b5b36191853ca068799b6bc78c08b,True,schedule_21k,FasterGSFusedRapid,1026645.0,21000,0.34278755296360364,run_02,flowers,fastergsfusedrapid_ablation_c2_21k_9scenes_r4,140.110138,4.14440393447876,192.5398027600022
22.204645243558016,0.6157763302326202,e990b62e6a1b5b36191853ca068799b6bc78c08b,True,schedule_21k,FasterGSFusedRapid,1020255.0,21000,0.34332895278930664,run_03,flowers,fastergsfusedrapid_ablation_c2_21k_9scenes_r4,137.85988700000001,4.143505096435547,192.17308551000315
22.23337745666504,0.6168232397599653,e990b62e6a1b5b36191853ca068799b6bc78c08b,True,schedule_21k,FasterGSFusedRapid,1031443.0,21000,0.3425739583644,run_04,flowers,fastergsfusedrapid_ablation_c2_21k_9scenes_r4,137.908084,4.152393817901611,192.99113041200326
27.99960970878601,0.8698952024181684,e990b62e6a1b5b36191853ca068799b6bc78c08b,True,schedule_21k,FasterGSFusedRapid,2412755.0,21000,0.10965917569895585,run_01,garden,fastergsfusedrapid_ablation_c2_21k_9scenes_r4,242.507754,5.920405864715576,299.5082252120046
28.008489449818928,0.8702613736192385,e990b62e6a1b5b36191853ca068799b6bc78c08b,True,schedule_21k,FasterGSFusedRapid,2419866.0,21000,0.10986444229880969,run_02,garden,fastergsfusedrapid_ablation_c2_21k_9scenes_r4,242.462066,5.927168369293213,301.1693708850071
27.951638221740723,0.869789831340313,e990b62e6a1b5b36191853ca068799b6bc78c08b,True,schedule_21k,FasterGSFusedRapid,2420162.0,21000,0.10979383531957865,run_03,garden,fastergsfusedrapid_ablation_c2_21k_9scenes_r4,243.239084,5.928146839141846,302.29226631599886
27.99364717801412,0.8696097582578659,e990b62e6a1b5b36191853ca068799b6bc78c08b,True,schedule_21k,FasterGSFusedRapid,2422699.0,21000,0.11006062881400187,run_04,garden,fastergsfusedrapid_ablation_c2_21k_9scenes_r4,243.99380100000002,5.937365531921387,301.6302309110033
27.351953625679016,0.7926490753889084,e990b62e6a1b5b36191853ca068799b6bc78c08b,True,schedule_21k,FasterGSFusedRapid,993027.0,21000,0.24015193711966276,run_01,stump,fastergsfusedrapid_ablation_c2_21k_9scenes_r4,119.360466,3.318093776702881,171.08860784600256
27.352484226226807,0.7920463718473911,e990b62e6a1b5b36191853ca068799b6bc78c08b,True,schedule_21k,FasterGSFusedRapid,993361.0,21000,0.2404334731400013,run_02,stump,fastergsfusedrapid_ablation_c2_21k_9scenes_r4,120.27184599999998,3.319370746612549,170.71376280899858
27.33721661567688,0.7918308824300766,e990b62e6a1b5b36191853ca068799b6bc78c08b,True,schedule_21k,FasterGSFusedRapid,981350.0,21000,0.24086572043597698,run_03,stump,fastergsfusedrapid_ablation_c2_21k_9scenes_r4,119.614455,3.3136281967163086,170.228319834001
27.346078872680664,0.7917384169995785,e990b62e6a1b5b36191853ca068799b6bc78c08b,True,schedule_21k,FasterGSFusedRapid,997614.0,21000,0.24031391739845276,run_04,stump,fastergsfusedrapid_ablation_c2_21k_9scenes_r4,119.49448699999999,3.325197219848633,170.87256181100383
23.321036762661404,0.6490803956985474,e990b62e6a1b5b36191853ca068799b6bc78c08b,True,schedule_21k,FasterGSFusedRapid,890635.0,21000,0.38178760806719464,run_01,treehill,fastergsfusedrapid_ablation_c2_21k_9scenes_r4,118.82337,3.4866952896118164,170.8482374939922
23.31727907392714,0.648290130827162,e990b62e6a1b5b36191853ca068799b6bc78c08b,True,schedule_21k,FasterGSFusedRapid,891677.0,21000,0.38210487365722656,run_02,treehill,fastergsfusedrapid_ablation_c2_21k_9scenes_r4,118.274511,3.4899282455444336,168.4139458839927
23.287211206224228,0.6495193441708883,e990b62e6a1b5b36191853ca068799b6bc78c08b,True,schedule_21k,FasterGSFusedRapid,883244.0,21000,0.38125716977649265,run_03,treehill,fastergsfusedrapid_ablation_c2_21k_9scenes_r4,118.48617200000001,3.480055809020996,168.4518307440012
23.372179985046387,0.64881741338306,e990b62e6a1b5b36191853ca068799b6bc78c08b,True,schedule_21k,FasterGSFusedRapid,890644.0,21000,0.3823927061425315,run_04,treehill,fastergsfusedrapid_ablation_c2_21k_9scenes_r4,118.49959100000001,3.486696243286133,169.54386047800654
32.227792739868164,0.9370355621362344,e990b62e6a1b5b36191853ca068799b6bc78c08b,True,schedule_21k,FasterGSFusedRapid,514763.0,21000,0.16737085561721754,run_01,room,fastergsfusedrapid_ablation_c2_21k_9scenes_r4,112.22340200000001,6.072422981262207,183.86165831099788
32.25148088504107,0.9362401075852222,e990b62e6a1b5b36191853ca068799b6bc78c08b,True,schedule_21k,FasterGSFusedRapid,515608.0,21000,0.16766023215575096,run_02,room,fastergsfusedrapid_ablation_c2_21k_9scenes_r4,111.87982299999999,6.073585510253906,183.37051989199244
32.308873298840645,0.9365581014217474,e990b62e6a1b5b36191853ca068799b6bc78c08b,True,schedule_21k,FasterGSFusedRapid,515562.0,21000,0.16761616999522233,run_03,room,fastergsfusedrapid_ablation_c2_21k_9scenes_r4,112.709644,6.077241897583008,184.04237728098815
32.32421791859162,0.9370856285095215,e990b62e6a1b5b36191853ca068799b6bc78c08b,True,schedule_21k,FasterGSFusedRapid,516564.0,21000,0.16707433320772955,run_04,room,fastergsfusedrapid_ablation_c2_21k_9scenes_r4,111.452438,6.073784828186035,183.54451074999815
29.200866826375325,0.9205186982949575,e990b62e6a1b5b36191853ca068799b6bc78c08b,True,schedule_21k,FasterGSFusedRapid,432216.0,21000,0.16589936539530753,run_01,counter,fastergsfusedrapid_ablation_c2_21k_9scenes_r4,118.828774,4.885660171508789,182.34738573399954
29.20162156422933,0.9207954784234365,e990b62e6a1b5b36191853ca068799b6bc78c08b,True,schedule_21k,FasterGSFusedRapid,432952.0,21000,0.16519562974572183,run_02,counter,fastergsfusedrapid_ablation_c2_21k_9scenes_r4,118.014005,4.887815475463867,181.11602611899434
29.19750239054362,0.920735232035319,e990b62e6a1b5b36191853ca068799b6bc78c08b,True,schedule_21k,FasterGSFusedRapid,431746.0,21000,0.16495895360906918,run_03,counter,fastergsfusedrapid_ablation_c2_21k_9scenes_r4,118.41377,4.885737419128418,181.55682676700235
29.18216692606608,0.9197999099890392,e990b62e6a1b5b36191853ca068799b6bc78c08b,True,schedule_21k,FasterGSFusedRapid,432508.0,21000,0.16531653056542078,run_04,counter,fastergsfusedrapid_ablation_c2_21k_9scenes_r4,116.999811,4.888001918792725,181.18402959201194
32.106678063528875,0.9397459353719438,e990b62e6a1b5b36191853ca068799b6bc78c08b,True,schedule_21k,FasterGSFusedRapid,1098520.0,21000,0.09921446059431349,run_01,kitchen,fastergsfusedrapid_ablation_c2_21k_9scenes_r4,203.180295,6.61159610748291,275.9293430300022
32.08202089582171,0.939900164944785,e990b62e6a1b5b36191853ca068799b6bc78c08b,True,schedule_21k,FasterGSFusedRapid,1102517.0,21000,0.09897321100745882,run_02,kitchen,fastergsfusedrapid_ablation_c2_21k_9scenes_r4,203.093384,6.6115546226501465,275.7527357150102
32.15618640354702,0.9398800543376378,e990b62e6a1b5b36191853ca068799b6bc78c08b,True,schedule_21k,FasterGSFusedRapid,1100977.0,21000,0.09865931240575654,run_03,kitchen,fastergsfusedrapid_ablation_c2_21k_9scenes_r4,202.70115099999998,6.59617280960083,274.92346360499505
32.08091528756278,0.9388663870947701,e990b62e6a1b5b36191853ca068799b6bc78c08b,True,schedule_21k,FasterGSFusedRapid,1105472.0,21000,0.10067603854196412,run_04,kitchen,fastergsfusedrapid_ablation_c2_21k_9scenes_r4,203.499379,6.618537902832031,275.48899603298923
32.06795852248733,0.9509383617220698,e990b62e6a1b5b36191853ca068799b6bc78c08b,True,schedule_21k,FasterGSFusedRapid,808065.0,21000,0.13757916499634046,run_01,bonsai,fastergsfusedrapid_ablation_c2_21k_9scenes_r4,144.55407300000002,6.179930210113525,216.35191333899274
31.86308391674145,0.9485283381230122,e990b62e6a1b5b36191853ca068799b6bc78c08b,True,schedule_21k,FasterGSFusedRapid,806840.0,21000,0.13792802353163022,run_02,bonsai,fastergsfusedrapid_ablation_c2_21k_9scenes_r4,143.74182000000002,6.146875381469727,215.67153220099863
32.38933800362252,0.9545604232195262,e990b62e6a1b5b36191853ca068799b6bc78c08b,True,schedule_21k,FasterGSFusedRapid,806057.0,21000,0.13821290151492968,run_03,bonsai,fastergsfusedrapid_ablation_c2_21k_9scenes_r4,144.751198,6.144451141357422,217.40450997599692
32.189729793651686,0.9547712400152877,e990b62e6a1b5b36191853ca068799b6bc78c08b,True,schedule_21k,FasterGSFusedRapid,808060.0,21000,0.13716889354022774,run_04,bonsai,fastergsfusedrapid_ablation_c2_21k_9scenes_r4,144.46688,6.1587815284729,215.7274062619981
25.722729873657226,0.7646228528022766,e990b62e6a1b5b36191853ca068799b6bc78c08b,True,compact_075,FasterGSFusedRapid,1514144.0,23000,0.24270291328430177,run_01,bicycle,fastergsfusedrapid_ablation_d1_compact_mult_0_75_23k_9scenes_r1,159.10388899999998,5.027344703674316,223.1370701470005
22.184776479547676,0.618465015834028,e990b62e6a1b5b36191853ca068799b6bc78c08b,True,compact_075,FasterGSFusedRapid,1054011.0,23000,0.33593653548847546,run_01,flowers,fastergsfusedrapid_ablation_d1_compact_mult_0_75_23k_9scenes_r1,144.793542,4.1262335777282715,198.3040637160011
28.09141969680786,0.8716283887624741,e990b62e6a1b5b36191853ca068799b6bc78c08b,True,compact_075,FasterGSFusedRapid,2451795.0,23000,0.10775442607700825,run_01,garden,fastergsfusedrapid_ablation_d1_compact_mult_0_75_23k_9scenes_r1,257.85321600000003,5.985593318939209,314.9518112420046
27.396134972572327,0.7932791672646999,e990b62e6a1b5b36191853ca068799b6bc78c08b,True,compact_075,FasterGSFusedRapid,1001562.0,23000,0.23789302818477154,run_01,stump,fastergsfusedrapid_ablation_d1_compact_mult_0_75_23k_9scenes_r1,125.11161899999999,3.292715072631836,175.08573483600048
23.287431399027508,0.6504080957836575,e990b62e6a1b5b36191853ca068799b6bc78c08b,True,compact_075,FasterGSFusedRapid,925100.0,23000,0.37693758805592853,run_01,treehill,fastergsfusedrapid_ablation_d1_compact_mult_0_75_23k_9scenes_r1,123.42839599999999,3.5005035400390625,173.41393820800295
32.39049456669734,0.9391339803353335,e990b62e6a1b5b36191853ca068799b6bc78c08b,True,compact_075,FasterGSFusedRapid,520288.0,23000,0.1649950127571057,run_01,room,fastergsfusedrapid_ablation_d1_compact_mult_0_75_23k_9scenes_r1,113.06231,6.029924392700195,183.44034585400368
29.370670255025228,0.9221089879671732,e990b62e6a1b5b36191853ca068799b6bc78c08b,True,compact_075,FasterGSFusedRapid,437292.0,23000,0.16326497097810108,run_01,counter,fastergsfusedrapid_ablation_d1_compact_mult_0_75_23k_9scenes_r1,120.323398,4.846471786499023,183.4592939259892
32.190139171055385,0.9410394191741943,e990b62e6a1b5b36191853ca068799b6bc78c08b,True,compact_075,FasterGSFusedRapid,1102702.0,23000,0.0977142727800778,run_01,kitchen,fastergsfusedrapid_ablation_d1_compact_mult_0_75_23k_9scenes_r1,210.61599,6.615065097808838,283.2787209119997
32.31860470127415,0.9500775321109874,e990b62e6a1b5b36191853ca068799b6bc78c08b,True,compact_075,FasterGSFusedRapid,812666.0,23000,0.13702740318871834,run_01,bonsai,fastergsfusedrapid_ablation_d1_compact_mult_0_75_23k_9scenes_r1,147.543937,6.104492664337158,219.56863449398952
25.715819320678712,0.7647829604148865,3b1f06893c167645acec3fcf64c39adfabb74c0d,True,compact_100,FasterGSFusedRapid,1507309.0,23000,0.24252339124679564,run_01,bicycle,thesis_ablation_compact_m100_23k_9scenes_r1,159.84471,5.020398139953613,219.76951114199983
22.180484078147195,0.6178690181537108,3b1f06893c167645acec3fcf64c39adfabb74c0d,True,compact_100,FasterGSFusedRapid,1039522.0,23000,0.3368023525584828,run_01,flowers,thesis_ablation_compact_m100_23k_9scenes_r1,143.202269,4.156752109527588,188.5418712999999
28.104094346364338,0.8713764796654383,3b1f06893c167645acec3fcf64c39adfabb74c0d,True,compact_100,FasterGSFusedRapid,2460156.0,23000,0.10791614341239135,run_01,garden,thesis_ablation_compact_m100_23k_9scenes_r1,256.766251,5.981048583984375,307.188393982
27.432403922080994,0.7937977910041809,3b1f06893c167645acec3fcf64c39adfabb74c0d,True,compact_100,FasterGSFusedRapid,994217.0,23000,0.23731367848813534,run_01,stump,thesis_ablation_compact_m100_23k_9scenes_r1,124.95802400000001,3.322530746459961,168.82310579600016
23.425473637051052,0.6520813604195913,3b1f06893c167645acec3fcf64c39adfabb74c0d,True,compact_100,FasterGSFusedRapid,908715.0,23000,0.37633512417475384,run_01,treehill,thesis_ablation_compact_m100_23k_9scenes_r1,122.50209000000001,3.5035171508789062,167.0778399789997
32.38430761679625,0.9394310055634915,3b1f06893c167645acec3fcf64c39adfabb74c0d,True,compact_100,FasterGSFusedRapid,521204.0,23000,0.1643800139427185,run_01,room,thesis_ablation_compact_m100_23k_9scenes_r1,113.515617,6.081692695617676,176.76428748500257
29.31383819580078,0.9220153470834096,3b1f06893c167645acec3fcf64c39adfabb74c0d,True,compact_100,FasterGSFusedRapid,435426.0,23000,0.16355212728182475,run_01,counter,thesis_ablation_compact_m100_23k_9scenes_r1,120.55815799999999,4.89348030090332,177.96031067500007
32.05132037571499,0.939737514087132,3b1f06893c167645acec3fcf64c39adfabb74c0d,True,compact_100,FasterGSFusedRapid,1108109.0,23000,0.098972444662026,run_01,kitchen,thesis_ablation_compact_m100_23k_9scenes_r1,211.64449,6.637723922729492,274.70649334399786
32.527302716229414,0.9540856287286088,3b1f06893c167645acec3fcf64c39adfabb74c0d,True,compact_100,FasterGSFusedRapid,811317.0,23000,0.13686397409922368,run_01,bonsai,thesis_ablation_compact_m100_23k_9scenes_r1,147.141972,6.148251056671143,210.34590141799708
25.708291015625,0.7650482749938965,e990b62e6a1b5b36191853ca068799b6bc78c08b,True,compact_125,FasterGSFusedRapid,1496302.0,23000,0.24278912127017974,run_01,bicycle,fastergsfusedrapid_ablation_d1_compact_mult_1_25_23k_9scenes_r1,166.835397,5.0112223625183105,229.22960233299818
22.2508433081887,0.6186289299618114,e990b62e6a1b5b36191853ca068799b6bc78c08b,True,compact_125,FasterGSFusedRapid,1035403.0,23000,0.3396897478537126,run_01,flowers,fastergsfusedrapid_ablation_d1_compact_mult_1_25_23k_9scenes_r1,155.675301,4.193272590637207,210.7368668059935
27.81006908416748,0.8702652926246325,e990b62e6a1b5b36191853ca068799b6bc78c08b,True,compact_125,FasterGSFusedRapid,2426382.0,23000,0.10931524044523637,run_01,garden,fastergsfusedrapid_ablation_d1_compact_mult_1_25_23k_9scenes_r1,269.08414700000003,5.947265625,327.56770031599444
27.455709099769592,0.7938490211963654,e990b62e6a1b5b36191853ca068799b6bc78c08b,True,compact_125,FasterGSFusedRapid,987656.0,23000,0.23782481905072927,run_01,stump,fastergsfusedrapid_ablation_d1_compact_mult_1_25_23k_9scenes_r1,133.382912,3.3489770889282227,184.06308737899235
23.35282717810737,0.6507240732510885,e990b62e6a1b5b36191853ca068799b6bc78c08b,True,compact_125,FasterGSFusedRapid,900548.0,23000,0.37777967088752323,run_01,treehill,fastergsfusedrapid_ablation_d1_compact_mult_1_25_23k_9scenes_r1,130.7083,3.515899181365967,182.21487415900629
32.44729902805426,0.9393664583181723,e990b62e6a1b5b36191853ca068799b6bc78c08b,True,compact_125,FasterGSFusedRapid,520108.0,23000,0.16504213213920593,run_01,room,fastergsfusedrapid_ablation_d1_compact_mult_1_25_23k_9scenes_r1,124.24401399999999,6.121610164642334,196.28025132999755
29.357895851135254,0.9221238851547241,e990b62e6a1b5b36191853ca068799b6bc78c08b,True,compact_125,FasterGSFusedRapid,432776.0,23000,0.1635386551419894,run_01,counter,fastergsfusedrapid_ablation_d1_compact_mult_1_25_23k_9scenes_r1,133.159415,4.937892913818359,197.15155474199855
32.29192880902971,0.9413767286709377,e990b62e6a1b5b36191853ca068799b6bc78c08b,True,compact_125,FasterGSFusedRapid,1097030.0,23000,0.09700805395841598,run_01,kitchen,fastergsfusedrapid_ablation_d1_compact_mult_1_25_23k_9scenes_r1,226.86308699999998,6.694379806518555,299.9560773550038
32.27735627664102,0.9495490853850906,e990b62e6a1b5b36191853ca068799b6bc78c08b,True,compact_125,FasterGSFusedRapid,812975.0,23000,0.13757146572744525,run_01,bonsai,fastergsfusedrapid_ablation_d1_compact_mult_1_25_23k_9scenes_r1,160.363485,6.198185443878174,232.82266785499814
19.15046154825311,0.7133766710758209,3b1f06893c167645acec3fcf64c39adfabb74c0d,True,generalization_tandt,GaussianSplatting,875884.0,30000,0.31435440480709076,run_01,train,thesis_generalization_tandt_local_3methods_r1,556.498254,1.3882122039794922,591.0224200500015
25.385902285575867,0.8793039638549089,3b1f06893c167645acec3fcf64c39adfabb74c0d,True,generalization_tandt,GaussianSplatting,1965877.0,30000,0.14582517859525979,run_01,truck,thesis_generalization_tandt_local_3methods_r1,669.861995,2.773963451385498,703.1515850589931
21.648551012340345,0.815968057042674,3b1f06893c167645acec3fcf64c39adfabb74c0d,True,generalization_tandt,FasterGSFused,1056464.0,30000,0.1955131823687177,run_01,train,thesis_generalization_tandt_local_3methods_r1,212.072996,1.1782093048095703,245.64727840600244
25.472942769527435,0.8824680503457785,3b1f06893c167645acec3fcf64c39adfabb74c0d,True,generalization_tandt,FasterGSFused,2004871.0,30000,0.14179150783456862,run_01,truck,thesis_generalization_tandt_local_3methods_r1,272.35026799999997,2.0698695182800293,306.0016536799958
21.964971090617933,0.8191608300334529,3b1f06893c167645acec3fcf64c39adfabb74c0d,True,generalization_tandt,FasterGSFusedRapid,592025.0,23000,0.1956701082618613,run_01,train,thesis_generalization_tandt_local_3methods_r1,90.167228,2.3835902214050293,123.40772415999527
25.798074781894684,0.8854216486215591,3b1f06893c167645acec3fcf64c39adfabb74c0d,True,generalization_tandt,FasterGSFusedRapid,647839.0,23000,0.14036921272054315,run_01,truck,thesis_generalization_tandt_local_3methods_r1,88.40114,2.156188488006592,121.02255629299907
29.361321940566555,0.9035556334437747,3b1f06893c167645acec3fcf64c39adfabb74c0d,True,generalization_deep_blending,GaussianSplatting,3024761.0,30000,0.23702315805536328,run_01,drjohnson,thesis_generalization_deep_blending_local_3methods_r1,1310.900721,4.752053737640381,1357.228349776
30.18413885708513,0.9082900737893993,3b1f06893c167645acec3fcf64c39adfabb74c0d,True,generalization_deep_blending,GaussianSplatting,1828498.0,30000,0.24023699914586955,run_01,playroom,thesis_generalization_deep_blending_local_3methods_r1,996.861402,2.760876178741455,1038.0194285939942
29.517822323423445,0.90436575087634,3b1f06893c167645acec3fcf64c39adfabb74c0d,True,generalization_deep_blending,FasterGSFused,3190233.0,30000,0.2350380520025889,run_01,drjohnson,thesis_generalization_deep_blending_local_3methods_r1,330.004843,3.3553147315979004,376.2944166150046
30.14847334500017,0.908419800215754,3b1f06893c167645acec3fcf64c39adfabb74c0d,True,generalization_deep_blending,FasterGSFused,1894069.0,30000,0.23961766423850223,run_01,playroom,thesis_generalization_deep_blending_local_3methods_r1,253.872567,1.9732470512390137,294.64961475799646
29.39017243818803,0.9016622268792355,3b1f06893c167645acec3fcf64c39adfabb74c0d,True,generalization_deep_blending,FasterGSFusedRapid,898729.0,23000,0.24484047970988534,run_01,drjohnson,thesis_generalization_deep_blending_local_3methods_r1,91.186229,4.142486095428467,134.6502479999981
30.413619666263976,0.9117084515505823,3b1f06893c167645acec3fcf64c39adfabb74c0d,True,generalization_deep_blending,FasterGSFusedRapid,654396.0,23000,0.2385554277691348,run_01,playroom,thesis_generalization_deep_blending_local_3methods_r1,81.797466,3.154792308807373,121.48356766000506
25.59957489013672,0.7604583764076233,3b1f06893c167645acec3fcf64c39adfabb74c0d,True,score_views_1,FasterGSFusedRapid,920873.0,23000,0.2521313464641571,run_01,bicycle,thesis_score_views_1_matched_23k_9scenes_r1,113.829889,4.367072582244873,173.01120808300038
22.071811849420722,0.6065819155086171,3b1f06893c167645acec3fcf64c39adfabb74c0d,True,score_views_1,FasterGSFusedRapid,788619.0,23000,0.3581344593654979,run_01,flowers,thesis_score_views_1_matched_23k_9scenes_r1,115.7428,3.8982763290405273,163.6052064989999
28.038811604181927,0.8704083313544592,3b1f06893c167645acec3fcf64c39adfabb74c0d,True,score_views_1,FasterGSFusedRapid,2094119.0,23000,0.11140207139154275,run_01,garden,thesis_score_views_1_matched_23k_9scenes_r1,216.20952599999998,5.487364292144775,266.92267561300105
27.211745500564575,0.7842167317867279,3b1f06893c167645acec3fcf64c39adfabb74c0d,True,score_views_1,FasterGSFusedRapid,521314.0,23000,0.25480697490274906,run_01,stump,thesis_score_views_1_matched_23k_9scenes_r1,93.027592,2.845844268798828,138.08144229299796
23.29704411824544,0.645777122841941,3b1f06893c167645acec3fcf64c39adfabb74c0d,True,score_views_1,FasterGSFusedRapid,488881.0,23000,0.3950687911775377,run_01,treehill,thesis_score_views_1_matched_23k_9scenes_r1,89.833809,3.0582151412963867,134.72795586500433
32.295868360079254,0.9382788004019321,3b1f06893c167645acec3fcf64c39adfabb74c0d,True,score_views_1,FasterGSFusedRapid,383900.0,23000,0.1701105922842637,run_01,room,thesis_score_views_1_matched_23k_9scenes_r1,94.41011500000002,5.8658623695373535,157.91579131999606
29.298353703816733,0.9205826083819072,3b1f06893c167645acec3fcf64c39adfabb74c0d,True,score_views_1,FasterGSFusedRapid,357510.0,23000,0.16844398801525434,run_01,counter,thesis_score_views_1_matched_23k_9scenes_r1,101.846406,4.705068111419678,157.5129140930003
31.58791160583496,0.937079153742109,3b1f06893c167645acec3fcf64c39adfabb74c0d,True,score_views_1,FasterGSFusedRapid,872322.0,23000,0.103723977293287,run_01,kitchen,thesis_score_views_1_matched_23k_9scenes_r1,171.59222,6.018226623535156,234.9919063000052
32.367316014057884,0.9542106100030847,3b1f06893c167645acec3fcf64c39adfabb74c0d,True,score_views_1,FasterGSFusedRapid,629208.0,23000,0.14330567500075778,run_01,bonsai,thesis_score_views_1_matched_23k_9scenes_r1,119.474339,5.8079986572265625,181.9917986799992
25.749718170166016,0.767396891117096,3b1f06893c167645acec3fcf64c39adfabb74c0d,True,score_views_3,FasterGSFusedRapid,1421034.0,23000,0.24015117704868316,run_01,bicycle,thesis_score_views_3_matched_23k_9scenes_r1,140.874428,4.9451398849487305,195.63998576800077
22.23170887340199,0.6170661774548617,3b1f06893c167645acec3fcf64c39adfabb74c0d,True,score_views_3,FasterGSFusedRapid,1039290.0,23000,0.3434278897263787,run_01,flowers,thesis_score_views_3_matched_23k_9scenes_r1,131.57775600000002,4.129277229309082,179.60136033000163
28.077284415562946,0.8720066274205843,3b1f06893c167645acec3fcf64c39adfabb74c0d,True,score_views_3,FasterGSFusedRapid,2517947.0,23000,0.10734172227482001,run_01,garden,thesis_score_views_3_matched_23k_9scenes_r1,245.138527,6.023721218109131,295.887524208003
27.379733681678772,0.7934663221240044,3b1f06893c167645acec3fcf64c39adfabb74c0d,True,score_views_3,FasterGSFusedRapid,840520.0,23000,0.23912810254842043,run_01,stump,thesis_score_views_3_matched_23k_9scenes_r1,108.225932,3.15130615234375,153.10222839200287
23.330042203267414,0.6498495737711588,3b1f06893c167645acec3fcf64c39adfabb74c0d,True,score_views_3,FasterGSFusedRapid,801050.0,23000,0.3807472669416004,run_01,treehill,thesis_score_views_3_matched_23k_9scenes_r1,106.62707599999999,3.370863914489746,152.407352481001
32.41881375435071,0.9393754509779123,3b1f06893c167645acec3fcf64c39adfabb74c0d,True,score_views_3,FasterGSFusedRapid,467015.0,23000,0.16574366008624053,run_01,room,thesis_score_views_3_matched_23k_9scenes_r1,102.090167,5.959438323974609,164.9402969090006
29.381308428446452,0.9219640374183655,3b1f06893c167645acec3fcf64c39adfabb74c0d,True,score_views_3,FasterGSFusedRapid,417320.0,23000,0.16463220616181692,run_01,counter,thesis_score_views_3_matched_23k_9scenes_r1,109.125466,4.788605690002441,165.2204255530014
32.21869986397879,0.9407971245901925,3b1f06893c167645acec3fcf64c39adfabb74c0d,True,score_views_3,FasterGSFusedRapid,1045585.0,23000,0.09812308826616832,run_01,kitchen,thesis_score_views_3_matched_23k_9scenes_r1,189.825573,6.355645179748535,253.28673168700334
32.62669192133723,0.9559218980170585,3b1f06893c167645acec3fcf64c39adfabb74c0d,True,score_views_3,FasterGSFusedRapid,764890.0,23000,0.1379323315781516,run_01,bonsai,thesis_score_views_3_matched_23k_9scenes_r1,131.635415,6.022524833679199,194.96858296899882
25.711643981933594,0.7651968932151795,3b1f06893c167645acec3fcf64c39adfabb74c0d,True,score_views_10,FasterGSFusedRapid,1499355.0,23000,0.24190002501010896,run_01,bicycle,thesis_score_views_10_matched_23k_9scenes_r1,151.933458,5.008214473724365,206.76691779700195
22.215732314369895,0.6186542402614247,3b1f06893c167645acec3fcf64c39adfabb74c0d,True,score_views_10,FasterGSFusedRapid,1044757.0,23000,0.33916161277077417,run_01,flowers,thesis_score_views_10_matched_23k_9scenes_r1,137.40902400000002,4.122848033905029,184.2124385510033
28.05602518717448,0.8717168718576431,3b1f06893c167645acec3fcf64c39adfabb74c0d,True,score_views_10,FasterGSFusedRapid,2464779.0,23000,0.10782103675107162,run_01,garden,thesis_score_views_10_matched_23k_9scenes_r1,249.911938,6.000364303588867,300.7057967349974
27.450525641441345,0.7934098653495312,3b1f06893c167645acec3fcf64c39adfabb74c0d,True,score_views_10,FasterGSFusedRapid,1003383.0,23000,0.23827305622398853,run_01,stump,thesis_score_views_10_matched_23k_9scenes_r1,119.65900400000001,3.2914786338806152,164.23955410499912
23.33895248836941,0.6510494583182864,3b1f06893c167645acec3fcf64c39adfabb74c0d,True,score_views_10,FasterGSFusedRapid,927314.0,23000,0.3760246021880044,run_01,treehill,thesis_score_views_10_matched_23k_9scenes_r1,118.179593,3.5036091804504395,163.22544202999416
32.324252299773384,0.9387781146245125,3b1f06893c167645acec3fcf64c39adfabb74c0d,True,score_views_10,FasterGSFusedRapid,521769.0,23000,0.16526839691094863,run_01,room,thesis_score_views_10_matched_23k_9scenes_r1,108.43195699999998,6.0280537605285645,171.61915456599672
29.332127634684245,0.9220410366853078,3b1f06893c167645acec3fcf64c39adfabb74c0d,True,score_views_10,FasterGSFusedRapid,438027.0,23000,0.16349257777134577,run_01,counter,thesis_score_views_10_matched_23k_9scenes_r1,113.16810699999999,4.8472490310668945,167.878300974
32.15422679356166,0.9402811067444937,3b1f06893c167645acec3fcf64c39adfabb74c0d,True,score_views_10,FasterGSFusedRapid,1112369.0,23000,0.09795227668115071,run_01,kitchen,thesis_score_views_10_matched_23k_9scenes_r1,203.787879,6.607924938201904,266.9195255599989
32.613016850239525,0.9559797274099814,3b1f06893c167645acec3fcf64c39adfabb74c0d,True,score_views_10,FasterGSFusedRapid,817174.0,23000,0.13689188518234202,run_01,bonsai,thesis_score_views_10_matched_23k_9scenes_r1,141.113236,6.108737945556641,203.8627772089967
25.66209602355957,0.7620944118499756,3b1f06893c167645acec3fcf64c39adfabb74c0d,True,score_views_20,FasterGSFusedRapid,1427620.0,23000,0.24676350831985475,run_01,bicycle,thesis_score_views_20_matched_23k_9scenes_r1,153.487874,4.9257097244262695,207.88236384800257
22.151580290360883,0.6162454404614188,3b1f06893c167645acec3fcf64c39adfabb74c0d,True,score_views_20,FasterGSFusedRapid,1004153.0,23000,0.3382573683153499,run_01,flowers,thesis_score_views_20_matched_23k_9scenes_r1,140.304621,4.088050842285156,187.20462276799663
27.992799599965412,0.8696624512473742,3b1f06893c167645acec3fcf64c39adfabb74c0d,True,score_views_20,FasterGSFusedRapid,2296185.0,23000,0.11004980156819026,run_01,garden,thesis_score_views_20_matched_23k_9scenes_r1,247.43665,5.845698833465576,298.51693559400155
27.318358540534973,0.791304063051939,3b1f06893c167645acec3fcf64c39adfabb74c0d,True,score_views_20,FasterGSFusedRapid,956576.0,23000,0.23991843033581972,run_01,stump,thesis_score_views_20_matched_23k_9scenes_r1,122.266361,3.2541098594665527,166.0012630899946
23.353177070617676,0.6505598293410407,3b1f06893c167645acec3fcf64c39adfabb74c0d,True,score_views_20,FasterGSFusedRapid,897403.0,23000,0.3755556113190121,run_01,treehill,thesis_score_views_20_matched_23k_9scenes_r1,121.05435299999999,3.4538698196411133,165.4746395530019
32.24844081585224,0.9385773279728034,3b1f06893c167645acec3fcf64c39adfabb74c0d,True,score_views_20,FasterGSFusedRapid,519227.0,23000,0.16596145870593879,run_01,room,thesis_score_views_20_matched_23k_9scenes_r1,111.01834499999998,6.050210475921631,173.71801559799496
29.3964288075765,0.9218848288059235,3b1f06893c167645acec3fcf64c39adfabb74c0d,True,score_views_20,FasterGSFusedRapid,432905.0,23000,0.1640106588602066,run_01,counter,thesis_score_views_20_matched_23k_9scenes_r1,116.966502,4.862926483154297,173.181852943002
31.852331488473073,0.9384124534470695,3b1f06893c167645acec3fcf64c39adfabb74c0d,True,score_views_20,FasterGSFusedRapid,1114364.0,23000,0.099695359064,run_01,kitchen,thesis_score_views_20_matched_23k_9scenes_r1,211.632148,6.773043155670166,274.48503436300234
32.54469990085911,0.9554332752485533,3b1f06893c167645acec3fcf64c39adfabb74c0d,True,score_views_20,FasterGSFusedRapid,775733.0,23000,0.13722320082219872,run_01,bonsai,thesis_score_views_20_matched_23k_9scenes_r1,144.13192899999999,6.103895664215088,206.3872520290024
25.80297409057617,0.7713697195053101,3b1f06893c167645acec3fcf64c39adfabb74c0d,True,score_threshold_2,FasterGSFusedRapid,1668557.0,23000,0.23180102586746215,run_01,bicycle,thesis_score_threshold_2_matched_23k_9scenes_r1,156.27849,5.245891094207764,211.15625377900142
22.216473492709074,0.6186282147060741,3b1f06893c167645acec3fcf64c39adfabb74c0d,True,score_threshold_2,FasterGSFusedRapid,1209863.0,23000,0.3366999382322485,run_01,flowers,thesis_score_threshold_2_matched_23k_9scenes_r1,143.064046,4.355721473693848,189.7877990190027
28.099618196487427,0.8724932447075844,3b1f06893c167645acec3fcf64c39adfabb74c0d,True,score_threshold_2,FasterGSFusedRapid,2905086.0,23000,0.10554513180007537,run_01,garden,thesis_score_threshold_2_matched_23k_9scenes_r1,273.150672,6.554916858673096,324.46436785300466
27.478830099105835,0.7964782007038593,3b1f06893c167645acec3fcf64c39adfabb74c0d,True,score_threshold_2,FasterGSFusedRapid,1088660.0,23000,0.2302707526832819,run_01,stump,thesis_score_threshold_2_matched_23k_9scenes_r1,123.12413099999999,3.4179859161376953,167.18972065699927
23.389039675394695,0.6553530593713125,3b1f06893c167645acec3fcf64c39adfabb74c0d,True,score_threshold_2,FasterGSFusedRapid,974105.0,23000,0.3689737319946289,run_01,treehill,thesis_score_threshold_2_matched_23k_9scenes_r1,118.25021,3.6085000038146973,163.64806646699435
32.46074466216258,0.9402623956020062,3b1f06893c167645acec3fcf64c39adfabb74c0d,True,score_threshold_2,FasterGSFusedRapid,548398.0,23000,0.16232246427963942,run_01,room,thesis_score_threshold_2_matched_23k_9scenes_r1,109.170446,6.0528974533081055,172.1854956399984
29.3009090423584,0.9226082503795624,3b1f06893c167645acec3fcf64c39adfabb74c0d,True,score_threshold_2,FasterGSFusedRapid,468669.0,23000,0.16228877604007722,run_01,counter,thesis_score_threshold_2_matched_23k_9scenes_r1,113.32305500000001,4.8740315437316895,169.75484575099836
32.205664716448105,0.9410309859684536,3b1f06893c167645acec3fcf64c39adfabb74c0d,True,score_threshold_2,FasterGSFusedRapid,1166154.0,23000,0.09726301761610168,run_01,kitchen,thesis_score_threshold_2_matched_23k_9scenes_r1,210.911398,6.742033958435059,274.4980625249955
32.49576393333641,0.9529679385391442,3b1f06893c167645acec3fcf64c39adfabb74c0d,True,score_threshold_2,FasterGSFusedRapid,924757.0,23000,0.13557454641606356,run_01,bonsai,thesis_score_threshold_2_matched_23k_9scenes_r1,145.557412,6.195594787597656,209.18814491399826
25.664521789550783,0.7617004656791687,3b1f06893c167645acec3fcf64c39adfabb74c0d,True,score_threshold_8,FasterGSFusedRapid,1366231.0,23000,0.24745024800300597,run_01,bicycle,thesis_score_threshold_8_matched_23k_9scenes_r1,140.185727,4.853444576263428,194.67863720300375
22.13761399009011,0.6150258725339716,3b1f06893c167645acec3fcf64c39adfabb74c0d,True,score_threshold_8,FasterGSFusedRapid,971951.0,23000,0.33788201212882996,run_01,flowers,thesis_score_threshold_8_matched_23k_9scenes_r1,128.582584,4.039074420928955,175.69110955700307
28.003066062927246,0.8701590895652771,3b1f06893c167645acec3fcf64c39adfabb74c0d,True,score_threshold_8,FasterGSFusedRapid,2231027.0,23000,0.11022674975295861,run_01,garden,thesis_score_threshold_8_matched_23k_9scenes_r1,229.327791,5.680881977081299,279.87111504000495
27.37688434123993,0.7919253036379814,3b1f06893c167645acec3fcf64c39adfabb74c0d,True,score_threshold_8,FasterGSFusedRapid,863577.0,23000,0.24269768688827753,run_01,stump,thesis_score_threshold_8_matched_23k_9scenes_r1,108.693524,3.1674513816833496,152.47370037299697
23.344167921278213,0.6472810407479604,3b1f06893c167645acec3fcf64c39adfabb74c0d,True,score_threshold_8,FasterGSFusedRapid,805682.0,23000,0.38570453723271686,run_01,treehill,thesis_score_threshold_8_matched_23k_9scenes_r1,106.880048,3.3629493713378906,150.59437719499692
32.45172349000588,0.9390084239152762,3b1f06893c167645acec3fcf64c39adfabb74c0d,True,score_threshold_8,FasterGSFusedRapid,458285.0,23000,0.1666309940509307,run_01,room,thesis_score_threshold_8_matched_23k_9scenes_r1,100.49014,5.956916809082031,162.90568157599773
29.35286897023519,0.9215736865997315,3b1f06893c167645acec3fcf64c39adfabb74c0d,True,score_threshold_8,FasterGSFusedRapid,398575.0,23000,0.1651474709312121,run_01,counter,thesis_score_threshold_8_matched_23k_9scenes_r1,109.1279,4.785008430480957,165.65644236699882
32.18544420514788,0.9415087870189122,3b1f06893c167645acec3fcf64c39adfabb74c0d,True,score_threshold_8,FasterGSFusedRapid,1004382.0,23000,0.09776440411806106,run_01,kitchen,thesis_score_threshold_8_matched_23k_9scenes_r1,186.00571300000001,6.330235004425049,248.6640556669954
32.21730417818637,0.9453867142264908,3b1f06893c167645acec3fcf64c39adfabb74c0d,True,score_threshold_8,FasterGSFusedRapid,722379.0,23000,0.1395167168733236,run_01,bonsai,thesis_score_threshold_8_matched_23k_9scenes_r1,131.313941,5.9642181396484375,194.34789913499844
25.716389083862303,0.7667188978195191,unknown,False,compact,FasterGSFusedRapid,1516882.0,23000,0.24002885580062866,run_01,bicycle,fastergsfusedrapid_ablation_23k_compact075_score5_9scenes_r1,155.380119,5.045742511749268,218.67438673001016
22.244443806734953,0.6178217354145917,unknown,False,compact,FasterGSFusedRapid,1062508.0,23000,0.3406044298952276,run_01,flowers,fastergsfusedrapid_ablation_23k_compact075_score5_9scenes_r1,142.118647,4.144435882568359,197.6390714070003
28.073960781097412,0.8721958870689074,unknown,False,compact,FasterGSFusedRapid,2548500.0,23000,0.10738229565322399,run_01,garden,fastergsfusedrapid_ablation_23k_compact075_score5_9scenes_r1,258.814265,6.070546627044678,317.86165280500427
27.39512038230896,0.7936108745634556,unknown,False,compact,FasterGSFusedRapid,954847.0,23000,0.23730195499956608,run_01,stump,fastergsfusedrapid_ablation_23k_compact075_score5_9scenes_r1,120.410765,3.2585644721984863,172.2094738339947
23.411558892991806,0.6517076657878028,unknown,False,compact,FasterGSFusedRapid,881559.0,23000,0.37750723792446983,run_01,treehill,fastergsfusedrapid_ablation_23k_compact075_score5_9scenes_r1,118.57914500000001,3.458509922027588,169.9851179360121
32.43264975914588,0.9395480675575061,unknown,False,compact,FasterGSFusedRapid,498614.0,23000,0.1644583801046396,run_01,room,fastergsfusedrapid_ablation_23k_compact075_score5_9scenes_r1,111.00283300000001,5.998513698577881,183.8145209250215
29.332301394144693,0.921984201669693,unknown,False,compact,FasterGSFusedRapid,428726.0,23000,0.1637626218299071,run_01,counter,fastergsfusedrapid_ablation_23k_compact075_score5_9scenes_r1,117.88529399999999,4.824419021606445,182.05499913700623
32.214867619105746,0.9411201817648751,unknown,False,compact,FasterGSFusedRapid,1077889.0,23000,0.09712321162223816,run_01,kitchen,fastergsfusedrapid_ablation_23k_compact075_score5_9scenes_r1,204.557879,6.476202487945557,277.62080701900413
32.606300869503535,0.9555259798024152,unknown,False,compact,FasterGSFusedRapid,806984.0,23000,0.13720615369242592,run_01,bonsai,fastergsfusedrapid_ablation_23k_compact075_score5_9scenes_r1,143.445618,6.051477909088135,215.6020194730081
25.74110710144043,0.7665049743652343,3b1f06893c167645acec3fcf64c39adfabb74c0d,True,bbox,FasterGSFusedRapid,1473243.0,23000,0.24109407842159272,run_01,bicycle,thesis_ablation_compact_bbox_matched_23k_9scenes_r1,192.750513,5.398916244506836,247.68476537498645
22.250561020591043,0.6180594617670233,3b1f06893c167645acec3fcf64c39adfabb74c0d,True,bbox,FasterGSFusedRapid,1045579.0,23000,0.3424763056364926,run_01,flowers,thesis_ablation_compact_bbox_matched_23k_9scenes_r1,181.58361599999998,4.69740629196167,228.49082755699055
27.882926384607952,0.8711396232247353,3b1f06893c167645acec3fcf64c39adfabb74c0d,True,bbox,FasterGSFusedRapid,2515301.0,23000,0.10773384664207697,run_01,garden,thesis_ablation_compact_bbox_matched_23k_9scenes_r1,300.06205,6.265168190002441,350.40003687000717
27.389325499534607,0.7934680618345737,3b1f06893c167645acec3fcf64c39adfabb74c0d,True,bbox,FasterGSFusedRapid,924347.0,23000,0.23875396884977818,run_01,stump,thesis_ablation_compact_bbox_matched_23k_9scenes_r1,149.16155899999998,3.6926465034484863,193.48115874399082
23.36922730339898,0.6499523520469666,3b1f06893c167645acec3fcf64c39adfabb74c0d,True,bbox,FasterGSFusedRapid,843610.0,23000,0.38176866206857896,run_01,treehill,thesis_ablation_compact_bbox_matched_23k_9scenes_r1,156.004731,3.9207472801208496,200.99613607100036
32.46870999458508,0.9396742307222806,3b1f06893c167645acec3fcf64c39adfabb74c0d,True,bbox,FasterGSFusedRapid,486190.0,23000,0.1648829052081475,run_01,room,thesis_ablation_compact_bbox_matched_23k_9scenes_r1,148.99199199999998,6.596858978271484,211.82320426798833
29.400204849243163,0.9221773485342661,3b1f06893c167645acec3fcf64c39adfabb74c0d,True,bbox,FasterGSFusedRapid,419417.0,23000,0.16380011886358262,run_01,counter,thesis_ablation_compact_bbox_matched_23k_9scenes_r1,162.45029100000002,5.506211757659912,217.97121861799678
31.890996388026647,0.940417548588344,3b1f06893c167645acec3fcf64c39adfabb74c0d,True,bbox,FasterGSFusedRapid,1073914.0,23000,0.09779755483780589,run_01,kitchen,thesis_ablation_compact_bbox_matched_23k_9scenes_r1,255.398208,7.142498016357422,319.56768686999567
32.39244512609533,0.9502412193530315,3b1f06893c167645acec3fcf64c39adfabb74c0d,True,bbox,FasterGSFusedRapid,800375.0,23000,0.13736892169391787,run_01,bonsai,thesis_ablation_compact_bbox_matched_23k_9scenes_r1,182.168674,6.598633289337158,245.88203386099485
25.716389083862303,0.7667188978195191,unknown,False,fused,FasterGSFusedRapid,1516882.0,23000,0.24002885580062866,run_01,bicycle,fastergsfusedrapid_ablation_23k_compact075_score5_9scenes_r1,155.380119,5.045742511749268,218.67438673001016
22.244443806734953,0.6178217354145917,unknown,False,fused,FasterGSFusedRapid,1062508.0,23000,0.3406044298952276,run_01,flowers,fastergsfusedrapid_ablation_23k_compact075_score5_9scenes_r1,142.118647,4.144435882568359,197.6390714070003
28.073960781097412,0.8721958870689074,unknown,False,fused,FasterGSFusedRapid,2548500.0,23000,0.10738229565322399,run_01,garden,fastergsfusedrapid_ablation_23k_compact075_score5_9scenes_r1,258.814265,6.070546627044678,317.86165280500427
27.39512038230896,0.7936108745634556,unknown,False,fused,FasterGSFusedRapid,954847.0,23000,0.23730195499956608,run_01,stump,fastergsfusedrapid_ablation_23k_compact075_score5_9scenes_r1,120.410765,3.2585644721984863,172.2094738339947
23.411558892991806,0.6517076657878028,unknown,False,fused,FasterGSFusedRapid,881559.0,23000,0.37750723792446983,run_01,treehill,fastergsfusedrapid_ablation_23k_compact075_score5_9scenes_r1,118.57914500000001,3.458509922027588,169.9851179360121
32.43264975914588,0.9395480675575061,unknown,False,fused,FasterGSFusedRapid,498614.0,23000,0.1644583801046396,run_01,room,fastergsfusedrapid_ablation_23k_compact075_score5_9scenes_r1,111.00283300000001,5.998513698577881,183.8145209250215
29.332301394144693,0.921984201669693,unknown,False,fused,FasterGSFusedRapid,428726.0,23000,0.1637626218299071,run_01,counter,fastergsfusedrapid_ablation_23k_compact075_score5_9scenes_r1,117.88529399999999,4.824419021606445,182.05499913700623
32.214867619105746,0.9411201817648751,unknown,False,fused,FasterGSFusedRapid,1077889.0,23000,0.09712321162223816,run_01,kitchen,fastergsfusedrapid_ablation_23k_compact075_score5_9scenes_r1,204.557879,6.476202487945557,277.62080701900413
32.606300869503535,0.9555259798024152,unknown,False,fused,FasterGSFusedRapid,806984.0,23000,0.13720615369242592,run_01,bonsai,fastergsfusedrapid_ablation_23k_compact075_score5_9scenes_r1,143.445618,6.051477909088135,215.6020194730081
25.72904121398926,0.7667758512496948,3b1f06893c167645acec3fcf64c39adfabb74c0d,True,split,FasterGSFusedRapid,1490328.0,23000,0.24034611284732818,run_01,bicycle,thesis_ablation_backend_split_matched_23k_9scenes_r1,159.08442499999998,5.221719741821289,213.81492539499595
22.210000124844637,0.6174012693491849,3b1f06893c167645acec3fcf64c39adfabb74c0d,True,split,FasterGSFusedRapid,1062561.0,23000,0.3414147848432714,run_01,flowers,thesis_ablation_backend_split_matched_23k_9scenes_r1,141.268138,4.370798110961914,187.95491267100442
28.0073082447052,0.8713843201597532,3b1f06893c167645acec3fcf64c39adfabb74c0d,True,split,FasterGSFusedRapid,2558256.0,23000,0.10719769975791375,run_01,garden,thesis_ablation_backend_split_matched_23k_9scenes_r1,265.99336,6.420843124389648,316.74718511999527
27.402337074279785,0.7933167330920696,3b1f06893c167645acec3fcf64c39adfabb74c0d,True,split,FasterGSFusedRapid,957277.0,23000,0.23745830077677965,run_01,stump,thesis_ablation_backend_split_matched_23k_9scenes_r1,121.991914,3.4634056091308594,167.1926579509891
23.398946868048775,0.6518339183595445,3b1f06893c167645acec3fcf64c39adfabb74c0d,True,split,FasterGSFusedRapid,885890.0,23000,0.3773638705412547,run_01,treehill,thesis_ablation_backend_split_matched_23k_9scenes_r1,119.151995,3.6546449661254883,164.26144729999942
32.42360975803473,0.9395627685082264,3b1f06893c167645acec3fcf64c39adfabb74c0d,True,split,FasterGSFusedRapid,499292.0,23000,0.16456009103701666,run_01,room,thesis_ablation_backend_split_matched_23k_9scenes_r1,109.027619,6.064216136932373,173.23744244500995
29.300297991434732,0.9219424664974213,3b1f06893c167645acec3fcf64c39adfabb74c0d,True,split,FasterGSFusedRapid,428214.0,23000,0.16370231558879217,run_01,counter,thesis_ablation_backend_split_matched_23k_9scenes_r1,113.992324,4.8761725425720215,170.19268072300474
31.76130452837263,0.9390796882765634,3b1f06893c167645acec3fcf64c39adfabb74c0d,True,split,FasterGSFusedRapid,1086973.0,23000,0.09826760057892119,run_01,kitchen,thesis_ablation_backend_split_matched_23k_9scenes_r1,201.22423999999998,6.8230814933776855,264.66502775100525
32.53347407160579,0.9554484003298992,3b1f06893c167645acec3fcf64c39adfabb74c0d,True,split,FasterGSFusedRapid,806770.0,23000,0.13676409403214584,run_01,bonsai,thesis_ablation_backend_split_matched_23k_9scenes_r1,144.289822,6.231632232666016,207.74482905000332
25.731926803588866,0.7669535088539123,3b1f06893c167645acec3fcf64c39adfabb74c0d,True,schedule_30k,FasterGSFusedRapid,1504351.0,30000,0.23845431029796602,run_01,bicycle,thesis_ablation_schedule_30k_matched_9scenes_r1,188.442093,5.030335426330566,243.73103833501227
22.218808434226297,0.619629748842933,3b1f06893c167645acec3fcf64c39adfabb74c0d,True,schedule_30k,FasterGSFusedRapid,1068170.0,30000,0.33632255684245715,run_01,flowers,thesis_ablation_schedule_30k_matched_9scenes_r1,170.548256,4.1445159912109375,218.5978708360053
28.19931689898173,0.872810977200667,3b1f06893c167645acec3fcf64c39adfabb74c0d,True,schedule_30k,FasterGSFusedRapid,2555368.0,30000,0.10612484378119309,run_01,garden,thesis_ablation_schedule_30k_matched_9scenes_r1,316.51068100000003,6.080404281616211,367.33940153000003
27.389300107955933,0.7934628054499626,3b1f06893c167645acec3fcf64c39adfabb74c0d,True,schedule_30k,FasterGSFusedRapid,953233.0,30000,0.23602371662855148,run_01,stump,thesis_ablation_schedule_30k_matched_9scenes_r1,146.248185,3.258498191833496,191.35524579600315
23.365179697672527,0.6520050267378489,3b1f06893c167645acec3fcf64c39adfabb74c0d,True,schedule_30k,FasterGSFusedRapid,891139.0,30000,0.3744293683105045,run_01,treehill,thesis_ablation_schedule_30k_matched_9scenes_r1,142.72413699999998,3.4702181816101074,186.56868234099238
32.37434279613006,0.9391619991033505,3b1f06893c167645acec3fcf64c39adfabb74c0d,True,schedule_30k,FasterGSFusedRapid,497349.0,30000,0.16445045001231706,run_01,room,thesis_ablation_schedule_30k_matched_9scenes_r1,128.427163,5.998905658721924,191.32794173099683
29.46554838816325,0.9234120170275371,3b1f06893c167645acec3fcf64c39adfabb74c0d,True,schedule_30k,FasterGSFusedRapid,427014.0,30000,0.16094741423924763,run_01,counter,thesis_ablation_schedule_30k_matched_9scenes_r1,140.381538,4.823366165161133,197.0127346030058
32.15545872279576,0.9412788970129831,3b1f06893c167645acec3fcf64c39adfabb74c0d,True,schedule_30k,FasterGSFusedRapid,1076609.0,30000,0.09666980504989624,run_01,kitchen,thesis_ablation_schedule_30k_matched_9scenes_r1,244.462016,6.469503402709961,307.79143986200506
32.66047379777238,0.9515599495655781,3b1f06893c167645acec3fcf64c39adfabb74c0d,True,schedule_30k,FasterGSFusedRapid,803826.0,30000,0.13519703113549464,run_01,bonsai,thesis_ablation_schedule_30k_matched_9scenes_r1,171.642021,6.061424255371094,234.45286927900452
